<xml version="1.0"><!--Generated by ElementTree in webScraper.py at 2013-07-13 17:49:33.526206--><Schedule><Event datetime="Saturday 7/20/2013 10:30 am" description="Ever wonder what goes into making a Penny Arcade comic? Join Gabe and Tycho in the Main Theatre and take part in creating Monday&#8217;s comic! -- Panelists: Gabe &amp; Tycho!" end="Saturday 7/20/2013 12:00 PM" kind="Panel" location="Main Theatre" name="Penny Arcade - Make a Strip!" /><Event datetime="Saturday 7/20/2013 10:30 am" description="How does a game go from concept to market and what role does a publisher play in the process? Some of the top Australian publishers/developers including Halfbrick, Defiant Development, Klicktock and Right Pedal Studios discuss what they look for in a game and how they help get it to market. -- Panelists: Tony Reed [CEO, GDAA], John Passfield [Program Manager, Right Pedal Studios], Morgan Jaffit [Founder, Defiant Development], Phil Larsen [CMO, Halfbrick Studios], Matt Hall [Founder, Klicktock]" end="Saturday 7/20/2013 11:30 AM" kind="Panel" location="Dropbear Theatre" name="Indie Publishing Down Under" /><Event datetime="Saturday 7/20/2013 11:00 am" description="Development of new titles for retro computer and console systems is growing in popularity along with the growth in retro gaming itself. -- Panelists: So rather than being an area of the hobbyist and freeware, the market for professional quality software and hardware has reached a stage where small teams or individuals can work in this developing area." end="Saturday 7/20/2013 12:00 PM" kind="Panel" location="Skippy Theatre" name="The Rise of Homebrew" /><Event datetime="Saturday 7/20/2013 11:30 am" description="Should you let your ten-year-old play Grand Theft Auto? What&#8217;s the best way to introduce your child to RPGs? Should you be working so hard to teach your five-year-old to play more strategically in Settlers of Catan? What do you say if your son prefers J.K. Rowling to J.R.R. Tolkien, or if your daughter prefers Episode I to Episode IV? These questions and many more will be discussed by writers for GeekDad.com, some leading Australian geek mums and the PAX audience. Come share your stories and advice on how to ensure our kids grow up to be geeks like us! Don&#8217;t have kids? Show up and find out what may be in store for you if you ever do! -- Panelists: Daniel Donahoo [Core Contributor, Wired&#8217;s GeekDad.com], Rae Johnston [Gaming Editor, TechLife], Giselle Rosman [Convenor, International Game Developers Association, Melbourne], Luke Bennett [Contributor, Wired&#8217;s GeekDad.com, Creative Manager for CV Newton Publishing]" end="Saturday 7/20/2013 12:30 PM" kind="Panel" location="Wombat Theatre" name="Geek Parenting: Raising Generation v2.0" /><Event datetime="Saturday 7/20/2013 12:00 pm" description="Omega Force&#8217;s Akihiro Suzuki joins us on stage to discuss the state of the Japanese games development industry, what it&#8217;s like creating a game that appeals to both western and eastern audiences, and the challenges studios face in keeping a franchise fresh. -- Panelists: Atsushi Miyauchi [Director, Dynasty Warriors 8], Daniel Chlebowczyk [Product Manager, Madman Entertainment], Paul Houlihan [Host, The Fourth Player]" end="Saturday 7/20/2013 1:00 PM" kind="Panel" location="Dropbear Theatre" name="Crafting a game series for the otaku crowd - a Dynasty of gaming Warriors" /><Event datetime="Saturday 7/20/2013 12:30 pm" description="Melbourne based Writer/Director Michael Shanks (Timtimfed) and his team talk about how and why they spend their lives creating pointless yet occasionally amusing content for YouTube. -- Panelists: Michael Shanks [Writer/Director, LateNite Films], Chris Hocking [Director, LateNite Films], Nick Issell [Writer/Actor, Colossonaut Productions], Sam McCabe [Freelance Cinematographer]" end="Saturday 7/20/2013 1:30 PM" kind="Panel" location="Skippy Theatre" name="Killer Cats, Talking Boobs and Skyrim: An Exploration of creating Video Content from Timtimfed" /><Event datetime="Saturday 7/20/2013 1:00 pm" description="Want to hear our musical guests do something BESIDES play music? Perhaps you wish to ask them questions? We&#8217;ll you&#8217;re in luck! We happen to have a panel for that. -- Panelists: Jeff Kalles [Penny Arcade], The PAX Australia musical guests!" end="Saturday 7/20/2013 2:00 PM" kind="Panel" location="Wombat Theatre" name="Musical Guest Panel" /><Event datetime="Saturday 7/20/2013 1:30 pm" description="Gearbox Software is at the first PAX in Australia! Join us for a rare behind the scenes look at Borderlands 2 and get the latest news and updates from Gearbox. Line up early - Borderlands fans won&#8217;t want to miss this one! -- Panelists: Randy Pitchford [Chief Executive Officer/President, Gearbox Software], Brian Martel [EVP/Chief Creative Officer, Gearbox Software], Paul Hellquist [Creative Director on Borderlands 2, Gearbox Software], Anthony Burch [Writer on Borderlands 2, Gearbox Software], Chris Faylor [Interactive Marketing Manager, Gearbox Software]" end="Saturday 7/20/2013 2:30 PM" kind="Panel" location="Dropbear Theatre" name="Inside Borderlands" /><Event datetime="Saturday 7/20/2013 2:00 pm" description="A fun, audience-focused session where Aussie eSports personalities, organisers, and media combine forces to put together the dream eSports federation. Think butcher&#8217;s paper, colourful markers and a ton of free-flowing ideas. This panel will include experts in the space. Their extensive knowledge of Australian and international competitive gaming, eSports history and current issues make this relevant and timely. Audience participation will be vital and play a key role guiding conversation during the discussion. -- Panelists: Zorine Te [eSports and Community Manager,Gamespot], PJ Russel [eSports and Community Manager ANZ, Blizzard Entertainment Australia], Lloyd Smith [General Manager, Team Immunity], Nick Vanzetti [Managing Director, Australian Cyber League]" end="Saturday 7/20/2013 3:00 PM" kind="Panel" location="Skippy Theatre" name="The Australian eSports Federation: Let&#8217;s Make It Happen" /><Event datetime="Saturday 7/20/2013 2:30 pm" description="Child&#8217;s Play seeks to improve the lives of children in hospitals around the world through the power of play. Join Jamie and Kristin of Child&#8217;s Play to talk about how video games benefit hospitalised children and how the video game community can help. -- Panelists: Jamie Dillion [Child&#8217;s Play], Kristin Lindsay [Child&#8217;s Play]" end="Saturday 7/20/2013 3:30 PM" kind="Panel" location="Wombat Theatre" name="Child&#8217;s Play Panel!" /><Event datetime="Saturday 7/20/2013 2:30 pm" description="For the first time, the Xbox One will be shown in Australia. Join Microsoft as they share their vision and show more about how the Xbox One will shape the future of gaming." end="Saturday 7/20/2013 3:30 PM" kind="Panel" location="Main Theatre" name="Microsoft Presents: Xbox One" /><Event datetime="Saturday 7/20/2013 3:00 pm" description="Experience and lessons learned from succeeding in the &#8220;Old Boys Clubs&#8221; of the VFX and Games Industries as a young woman. From leading a team of men ten years older than her on Animal Logic&#8217;s Happy Feet to getting into Game Developer Magazine&#8217;s &#8220;Power 50&#8221; of influential people to watch in the games industry. This session presents tips, tricks and hilariously scandalous stories for any woman who wants to do more in their career but isn&#8217;t sure how to advance in a male dominated field. -- Panelists: Epona Schweer [Producer, Indie Bits]" end="Saturday 7/20/2013 4:00 PM" kind="Panel" location="Dropbear Theatre" name="Not Fair? Then Grow Some Ovaries and DO Something About it!" /><Event datetime="Saturday 7/20/2013 3:30 pm" description="" end="Saturday 7/20/2013 4:30 PM" kind="Panel" location="Skippy Theatre" name="Omegathon Round 3 - Portal" /><Event datetime="Saturday 7/20/2013 4:00 pm" description="Does the games industry garner too much scrutiny from outside sources and within? With review score aberrations often called into question, writers are constantly criticised and developers and publishers professionally and personally attacked. Has it all gone too far? Can we all just get along and we work together to bring a new constructive gaming age into fruition? -- Panelists: Dave Kozicki [Founder, rawDLC], Josh Philpott [Founder, rawDLC], Stephen Farrelly [Editor, AusGamers], Joab Gilroy [Editor, GameArena], Rae Johnston [Gaming Editor, TechLife] Daniel Wilks [Editor, Hyper magazine]" end="Saturday 7/20/2013 5:00 PM" kind="Panel" location="Wombat Theatre" name="Why So Serious? Has the Industry Forgotten That Games Are Supposed to Be Fun?" /><Event datetime="Saturday 7/20/2013 4:29 pm" description="Here is your chance to find out more about Animal Crossing: New Leaf, meet some fellow Animal Crossing fans and hear from the development team in a special Animal Crossing: New Leaf video presentation that will be shown during PAX Australia. Remember to bring your Nintendo 3DS and Animal Crossing: New Leaf town to PAX!" end="Saturday 7/20/2013 5:29 PM" kind="Panel" location="Dropbear Theatre" name="Nintendo Presents Animal Crossing: New Leaf" /><Event datetime="Saturday 7/20/2013 5:00 pm" description="Video games offer a myriad of new and exciting ways to put your music in front of a huge, enthusiastic audience. With the rise of independent games, there are an immense number of opportunities to work in the industry as an audio professional. This lecture will be covering the technical aspects of game scoring as well as walking you through a step-by-step tour of the game audio creation process. In addition to this, it will also cover broader topics such as sound design, audio implementation, and working as part of a game development team. -- Panelists: Akash Thakkar [Composer/Sound Designer, Independent]" end="Saturday 7/20/2013 6:00 PM" kind="Panel" location="Skippy Theatre" name="What&#8217;s That Sound? Creating Great Game Audio" /><Event datetime="Saturday 7/20/2013 5:30 pm" description="Gamers are an entitled bunch. Over the past five years alone we&#8217;ve had petitions launched to change the ending of an epic space adventure, frenzied debate over cover art for a thought provoking, 1920&#8217;s shooter and most recently, had petitions launched to President Obama to stop sales of a certain title because consumers believe &#8220;it violates our rights to have a choice between the originals or the reboot.&#8221; Are gamers crazy? Or are they simply passionate beyond belief? -- Panelists: Our panel is going to take a look at five occasions of extreme &#8220;gamer entitlement&#8221; and talk about the issue at its core. Did consumers have a right to request BioWare rewrite the entire ending of Mass Effect 3, or was that an impeachment on their artistic vision as creators?" end="Saturday 7/20/2013 6:30 PM" kind="Panel" location="Wombat Theatre" name="Gamer Rage - Entitlement Issues" /><Event datetime="Saturday 7/20/2013 6:00 pm" description="If you&#8217;re a fan of ABC TV&#8217;s Good Game here&#8217;s your chance to ask presenters Bajo, Hex and Goose and the show&#8217;s creator Janet Carr just about anything about the shows and how they make them.&#160; The panel will be moderated by Dave Callan. -- Panelists: Is there any downside to being paid money to review games?" end="Saturday 7/20/2013 7:00 PM" kind="Panel" location="Dropbear Theatre" name="Good Game - Ask Us (almost) Anything" /><Event datetime="Saturday 7/20/2013 6:30 pm" description="We&#8217;ve all seen the rise of the indie video game, but there&#8217;s another surge happening in the games community you might not be aware of; the indie board game. From self-publishing mavens to print-on-demand hobbyists, indie board games are starting to make their way onto mainstream tabletops everywhere. Join a panel of Australian board game designers and publishers, and find out what it takes to go from prototyping your initial idea (CHECKERS! with ROBOTS! and HIT POINTS!), all the way to the final boxed product. -- Panelists: Anthony Sweet [Owner, Handwritten Games], Sean Carroll [Managing Director, 93 Made Games], Wesley Lamont [IManaging Director, RAEZ], Paul Nicholas [Blue Room Games], Alex Dijk [Blue Room Games]" end="Saturday 7/20/2013 7:30 PM" kind="Panel" location="Skippy Theatre" name="Indie Board Games: Making Your Own Tabletop Game" /><Event datetime="Saturday 7/20/2013 7:00 pm" description="Nerd, geek, troll, basement dweller, spree killer: mainstream media&#8217;s treatment of gamers is rarely accurate or flattering, but it does matter to the greater community. What CAN be done, what SHOULD be done and WHO should be doing it? -- Panelists: Nic Healey [Senior Editor, CBS Interactive], Dan Chiappini [Editor, Gamespot], Anthony Burch [Writer for Borderlands 2, Gearbox Software], Patrick Weekes [Senior Writer, BioWare], Karin Weekes [Lead Editor, BioWare], Rae Johnston [Gaming Editor, TechLife]" end="Saturday 7/20/2013 8:00 PM" kind="Panel" location="Wombat Theatre" name="That&#8217;s What She Said: Why Mainstream Media Portrayals of Gamers Matter" /><Event datetime="Saturday 7/20/2013 7:30 pm" description="Our second night of concerts held after the 4th round of the Omegathon features Brisbane group 7bitHero, the international gaming music coverband The Minibosses, and the rock opera performance of the Protomen." end="Saturday 7/20/2013 11:30 PM" kind="Panel" location="Main Theatre" name="Omegathon Round 4 - Defense Grid &amp; Saturday Night Concerts" /><Event datetime="Saturday 7/20/2013 7:30 pm" description="Meet the team at Australia&#8217;s Largest Game Development Studio, as they discuss how they bring titles like the Real Racing franchise, the Sims FreePlay, Need for Speed Most Wanted and Mass Effect Infiltrator to life. -- Panelists: Kynan Woodman [Producer], Thomas Baker [Designer], Ptolemy Oberin [Software Engineer], Nina Nikolic [Community], Amanda Schofield [Software Engineer], Nathan Barnes [Sr. Artist Lead], Tony Lay [GM]" end="Saturday 7/20/2013 8:30 PM" kind="Panel" location="Dropbear Theatre" name="Firemonkeys - A Day In The Life" /><Event datetime="Saturday 7/20/2013 8:00 pm" description="The award-winning GameArena Podcast is recording a live show from PAX, judging the year so far in 2013. Luke, Junglist, Heath, Jae and Joaby will discuss the year so far, the best (and worst) of E3 and the must see events at PAX. Join them to see if they can keep the language to a reasonable minimum and if they can actually finish remotely on time. -- Panelists: Joab Gilroy [Editor, GameArena], Luke Lawrie [Reporter, GamePlanet AU], Jeremy Ray [Host, GameArena], Jae Leong [Reporter, GamePlanet AU], Heath Dickson [Podcaster, GameArena]" end="Saturday 7/20/2013 9:00 PM" kind="Panel" location="Skippy Theatre" name="The GameArena Podcast - Live From PAX Australia" /><Event datetime="Saturday 7/20/2013 8:30 pm" description="These people work for the industry you love so much: making the games, publishing them, reviewing them. But how much do they truly know? Could they tell you all about MOBAs, mocap and Moogles? Will they embarrass themselves in spectacular public style? Join our panellists on a wild adventure filled with groans of realisation and enough gaming knowledge to keep your next dinner party on the edge of their seats! -- Panelists: Donald Duong [Quiz Master, New Game Plus], Jason O&#8217;Callaghan [Possible panellist, New Game Plus], Jamie Galea [Assistant Quiz Master, New Game Plus], Alanah &#8216;Charalanahzard&#8217; Pearce [Videogame Journalist, Xbox Australia], Paul Houlihan [Host, The Fourth Player], James Dominguez [Journalist, The Age], Matt Kelly [Game Designer, Two Bulls], James Kozanecki [Marketing Co-ordinator, Mindscape]" end="Saturday 7/20/2013 9:30 PM" kind="Panel" location="Wombat Theatre" name="The Ultimate Industry Quiz Showdown!" /><Event datetime="Saturday 7/20/2013 9:00 pm" description="Fallout: Lanius is the blood soaked origin story of Legate Lanius, the primary antagonist from 2010&#8217;s Fallout: New Vegas. -- Panelists: The story: &#8216;On the brink of ruin, the Hidebark people are about to be wiped out by the slaving organisation, Caesar&#8217;s Legion. However, their most ruthless warrior would prefer death to dishonour. &#8220;Fallout: Lanius&#8221; will recount how a single man brings ruin to his people due to his lust for bloodshed and victory.&#8217;" end="Saturday 7/20/2013 10:30 PM" kind="Panel" location="Dropbear Theatre" name="Fallout: Lanius - A Blood Soaked Fallout Fan Film" /><Event datetime="Saturday 7/20/2013 9:30 pm" description="Reformat the Planet is a documentary film that premiered in 2008 at the South by Southwest Film Festival about the chiptune music scene. The film stars various artists and highlights certain events in the culture such as Blip Festival." end="Saturday 7/20/2013 11:00 PM" kind="Panel" location="Skippy Theatre" name="Screening - Reformat the Planet" /><Event datetime="Saturday 7/20/2013 10:00 pm" description="With the arrival of The Settlers of Catan in the United States in the mid-ninties, more and more people have been discovering the new breed of board game that had been quietly evolving in Germany for the past 30+ years. Going Cardboard takes you into the world of &#8220;designer&#8221; board gaming,m from the community of enthusiastic fans, to the publishers and self0punlishers, and of course, the designers." end="Saturday 7/20/2013 11:00 PM" kind="Panel" location="Wombat Theatre" name="Screening - Going Cardboard A Board Game Documentary" /></Schedule></xml>