<xml version="1.0"><!--Generated by ElementTree in webScraper.py at 2013-03-14 02:07:43.102225--><Schedule><Event datetime="Sunday 3/24/2013 10:00 am" description="Curious what&#8217;s been going on in the coffeehouses and dark alleys of tabletop roleplaying? Wondering what&#8217;s got those stodgy old dudes&#8217; and self-appointed moral watchdogs&#8217; knickers all bunched up? Just looking for something beyond &#8220;roll to hit, roll damage&#8221;? Join some enthusiastic long-timers for an off-the-record tour. We&#8217;ll show you what&#8217;s out there, why it&#8217;s cool, and how you can be part of it. Tell &#8216;em lumpley sent you. -- Panelists: Vincent Baker [owner/creator, lumpley games], Meguey Baker [owner/creator, Night Sky Games], Emily Care Boss [owner/creator, Black &amp; Green Games], Epidiah Ravachol [owner/creator, Dig a Thousand Holes Publishing], Robert Bohl [owner/creator, Robert Bohl Games]" end="Sunday 3/24/2013 11:00 AM" kind="Panel" location="Sphinx" name="An Inside Look at Indie RPGs" /><Event datetime="Sunday 3/24/2013 10:00 am" description="As videogames become an international hobby, games increasingly run into problems of representation and localization.&#160; Military shooters often use international conflicts or real locations as their backdrop, igniting controversy in the countries they portray as well as raising questions about the portrayal of foreign people and the impact of violence in digital space.&#160; This panel will explore the more worrisome aspects of this trend and discuss possible solutions the industry can use going forward. -- Panelists: What&#8217;s the favorite game of Hezbollah militants?&#160; What are the ethical questions we need to consider when designing violent media? How&#8217;d Castro feel about getting shot in Black Ops?&#160; This sequel to PAX East&#8217;s &#8220;Borders, Bigotry, and Body Dumps&#8221; will take on Oliver North, The Red Cross, and whether Spec Ops: The Line represents a new breed of ethically-centered shooter." end="Sunday 3/24/2013 11:00 AM" kind="Panel" location="Naga Theatre" name="Borders and Bullets: Global Game Controversies" /><Event datetime="Sunday 3/24/2013 10:00 am" description="Depression and anxiety rears its ugly head in many a gamer&#8217;s life. Join us, a panel of game designers and freelancers well acquainted with the subject. We&#8217;ll trade life stories and share advice on how to take back control of your lives. You aren&#8217;t alone, you have a whole gaming tribe that wants you to get better. -- Panelists: Philippe-Antoine Menard [Game Designer and Blogger, Critical-Hits LLC]" end="Sunday 3/24/2013 11:00 PM" kind="Panel" location="Merman Theatre" name="Fighting your Inner-Demons: Gamers Dealing with Depression" /><Event datetime="Sunday 3/24/2013 10:00 am" description="Should you let your six-year-old play Assassin&#8217;s Creed? What&#8217;s the best way to introduce your child to RPGs? How do you handle it when your kid doesn&#8217;t want to play a game because he thinks he&#8217;ll lose? What do you say if your son prefers J.K. Rowling to J.R.R. Tolkien, or if your daughter prefers &#8220;Enterprise&#8221; to &#8220;Deep Space Nine?&#8221; These questions and many more will be discussed by writers for GeekDad.com, GeekMom.com, and geek parents in the audience. Come share your stories and advice for how to ensure our kids grow up to be geeks like us! Don&#8217;t have kids? Show up and find out what may be in store for you if you ever do! -- Panelists: Matt Blum [Managing Editor, GeekDad.com], Corrina Lawson [Senior Editor, GeekMom.com], Jonathan Liu [Senior Editor, GeekDad.com], Curtis Silver [Core Contributor, GeekDad.com], Nicole Wakelin [Core Contributor, GeekMom.com], Doug Cornelius [Contributor, GeekDad.com], Ryan Carlson [Contributor, GeekDad.com]" end="Sunday 3/24/2013 12:00 PM" kind="Panel" location="Wyvern Theatre" name="Geek Parenting" /><Event datetime="Sunday 3/24/2013 10:00 am" description="" end="Sunday 3/24/2013 1:00 PM" kind="Panel" location="Tabletop Tourney" name="Robo Rally Cannonball Run" /><Event datetime="Sunday 3/24/2013 10:00 am" description="" end="Sunday 3/24/2013 6:00 PM" kind="Panel" location="Tabletop Tourney" name="Warmachine/Hordes Iron Arena Sunday Tournament" /><Event datetime="Sunday 3/24/2013 10:00 am" description="" end="Sunday 3/24/2013 6:00 PM" kind="Panel" location="Tabletop Tourney" name="Warhammer 40k Combat Patrol Sunday Tournament" /><Event datetime="Sunday 3/24/2013 10:30 am" description="" end="Sunday 3/24/2013 3:30 PM" kind="Panel" location="Tabletop Tourney" name="Carcassonne Tournament" /><Event datetime="Sunday 3/24/2013 10:30 am" description="Whatever happened to foreplay? People tend to talk (and program) a lot about sex in games and forget all about the delicious build up. But with growing female and non-traditional male consumer bases, game developers are starting to reach beyond the adolescent male fantasy. You can get hitched in Skyrim, have a steamy bath with your lady in Witcher 2, and woo a whole lot of different people in Mass Effect&#8230; and that&#8217;s just the tip of the iceberg. -- Panelists: Moderated by Fire Hose Games and When I Grow Up&#8217;s Sean Baptiste, writers Miellyn Fitzwater Barrows and Lacy Wilson from Tin Man Games&#8217; romance gamebook series Strange Loves join the hosts of the Press2Reset Transmission Podcast Melissa Kay and Aenne Schumann and BioWare Event Consultant and Rated NA Podcast host Hilary Shapiro to draw back the covers on the sensual side of games and game culture." end="Sunday 3/24/2013 11:30 AM" kind="Panel" location="Corgi Theatre" name="Foreplay: Romance in Games" /><Event datetime="Sunday 3/24/2013 10:30 am" description="Bring your things!&#160; They will bring the signings! -- Panelists: Gabe and Tycho!" end="Sunday 3/24/2013 1:00 PM" kind="Panel" location="Queue Room" name="Gabe and Tycho Signing" /><Event datetime="Sunday 3/24/2013 11:00 am" description="Want to play a D&amp;D game without a DM? Do you like cooperative games? How about head-to-head Euro-style games? Or casual dungeon delves? Come with your friends to play any of our D&amp;D themed board games all weekend long! Stop in anytime to select from Dungeon, Castle Ravenloft, Wrath of Ashardalon, The Legend of Drizzt, or Lords of Waterdeep!" end="Sunday 3/24/2013 5:00 PM" kind="Panel" location="Tabletop Tourney" name="D&amp;D Board Game Open Play" /><Event datetime="Sunday 3/24/2013 11:00 am" description="Bring your best Dungeon Command warband to compete in a four-round tournament, with the winner crowned PAX East champion! Build your warband containing exactly 12 Creatures with appropriate cards and miniatures, at least 30 Order cards (no more than 4 of any one Order card allowed), a Commander, and 4 battlefield tiles. The tournament is 4-5 hours long, free to enter, and prizes abound!" end="Sunday 3/24/2013 2:00 PM" kind="Panel" location="Tabletop Tourney" name="Dungeon Command Constructed Tournament" /><Event datetime="Sunday 3/24/2013 11:00 am" description="Do you take classes? Do you teach classes? Wouldn&#8217;t those classes be more exciting and engaging and memorable if they had some of the same alluring qualities of your favorite games? Concepts that have been mainstays of the gaming world for years, like leveling, achievements and non-linear progression, are just the beginning of exciting change in the world of education. -- Panelists: The gamification of education is going on right now and can be very effective, yet it is one of the most nascent and underdeveloped fronts in the world of gaming. Come to Education Gamification to see how these ideas are changing the way we learn, and to exchange best practices, ideas, and dreams on how gaming can make education more accessible to today&#8217;s students and teachers." end="Sunday 3/24/2013 12:00 PM" kind="Panel" location="Tabletop Workshop" name="Education Gamification" /><Event datetime="Sunday 3/24/2013 11:00 am" description="Each player recieves 4 Gatecrash boosters, plays a 30 card deck" end="Sunday 3/24/2013 1:00 PM" kind="Panel" location="Tabletop Tourney" name="Magic: The Gathering 4 Booster Sealed Deck" /><Event datetime="Sunday 3/24/2013 11:00 am" description="Each player receives 1 booster each of Innistrad, Dark Ascension, Avacyn Restored,Magic 2013, Return to Ravinca and Gatecrash" end="Sunday 3/24/2013 1:00 PM" kind="Panel" location="Tabletop Tourney" name="Magic: The Gathering Sealed Deck from Standard Boosters" /><Event datetime="Sunday 3/24/2013 11:00 am" description="" end="Sunday 3/24/2013 1:30 PM" kind="Panel" location="Tabletop Tourney" name="Race for the Galaxy Finals" /><Event datetime="Sunday 3/24/2013 11:00 am" description="Do you think you know everything there is to know about Nintendo video games? Do you think you could totally become a Nintendoaire, if given the chance? Then get ready for Nintendo World Report&#8217;s &#8220;Who Wants To A Nintendoaire?&#8221; We&#8217;ll take as many contestants as we possibly can in an hour, and even let the audience participate, making everyone in the audience able to win a prize. If you enjoy Nintendo games, intense moments of human triumph or strife, and guerrilla reinterpretations of TV game shows, then you&#8217;ll want to see if you or one of your fellow PAX-goers becomes a Nintendoaire. -- Panelists: Neal Ronaghan [Director, Nintendo World Report], Scott Thompson [Podcast Editor, Nintendo World Report], Lauren Ronaghan [Contributing Writer, Nintendo World Report], Billy Brown [Contributor, Nintendo World Report], Patrick Barnett [News Editor, Nintendo World Report]" end="Sunday 3/24/2013 12:00 PM" kind="Panel" location="Arachnid Theatre" name="Who Wants To Be A Nintendoaire?" /><Event datetime="Sunday 3/24/2013 11:30 am" description="In this panel presented by Game Music Composer Matthew Pablo; attendees will be asked to participate by thinking of video game scenarios or concepts and as a group we will create the music for these ideas. We will see and experience process of composing music for games! Come and share your creativity! Musicians: Feel encouraged to participate in some of the recording/composition. This is also great panel for game producers and developers to attend as they will see the value in having someone create original music for your game. -- Panelists: Britany Hayes [Artist, Console Alliance], John M. O&#8217;Meara" end="Sunday 3/24/2013 12:30 PM" kind="Panel" location="Sphinx" name="Let&#8217;s Make Video Game Music!" /><Event datetime="Sunday 3/24/2013 11:30 am" description="You&#8217;ve got 45 seconds to deliver your idea to our panel of experts. The top three pitches will be picked for prizes and swag." end="Sunday 3/24/2013 12:30 PM" kind="Panel" location="Naga Theatre" name="Pitch Your Game Idea" /><Event datetime="Sunday 3/24/2013 11:30 am" description="The Double Fine Adventure made headlines early this year with a $3.3 million dollar Kickstarter.&#160; Since then, the team at Double Fine has been hard at work on a brand new adventure game and 2 Player Productions has been right beside them to document the whole thing.&#160; Backers of the project have been given incredible insight into the game&#8217;s development, but little of this information has been shown to the general public.&#160; Join us for a screening of new highlights from the Double Fine Adventure documentary, immediately followed by a Q &amp; A with Double Fine and 2 Player Productions. -- Panelists: Tim Schafer [President and CEO, Double Fine Productions], Greg Rice [Producer, Double Fine Adventure, Double Fine Productions], Paul Levering [Producer, 2 Player Productions], Chris Remo [Community Manager, Double Fine Productions]" end="Sunday 3/24/2013 12:30 PM" kind="Panel" location="Merman Theatre" name="The Double Fine Adventure Adventure!" /><Event datetime="Sunday 3/24/2013 11:30 am" description="" end="Sunday 3/24/2013 2:30 PM" kind="Panel" location="Tabletop Tourney" name="Ticket to Ride Finals" /><Event datetime="Sunday 3/24/2013 11:30 am" description="" end="Sunday 3/24/2013 12:30 AM" kind="Panel" location="Handheld Tourney" name="Mario Kart DS Tournament" /><Event datetime="Sunday 3/24/2013 12:00 pm" description="1v1, 32 Player Cap" end="Sunday 3/24/2013 2:00 PM" kind="Panel" location="Console Tourney" name="Beautiful Katamari Tournament" /><Event datetime="Sunday 3/24/2013 12:00 pm" description="Comedic superheroes unite! The Improv Initiative makes a return from PAX Prime to create improvised scenes and characters based off of audience suggestions. We&#8217;ll run through a variety of games and scenes in this one of a kind show, never to be performed the same way again! -- Panelists: Marc Watson [Customer Support Manager, Mojang AB], Greg Stackhouse [Associate Producer, Uber Entertainment], Tara Theoharis [Blogger - Geeky Hostess, Producer/Actor - Job Hunters], Graham Stark [Producer, Actor, LoadingReadyRun], Michael Robles [Community Manager, Wizards of the Coast]" end="Sunday 3/24/2013 1:00 PM" kind="Panel" location="Phoenix Theatre" name="Improv Initiative 2" /><Event datetime="Sunday 3/24/2013 12:00 pm" description="" end="Sunday 3/24/2013 4:30 PM" kind="Panel" location="Tabletop Tourney" name="Settlers of Catan Finals" /><Event datetime="Sunday 3/24/2013 12:00 pm" description="At the dawn of the computer age, roleplaying games used text as the only way for a player to inhabit fantastic worlds. Players could fill in the gaps with their imagination, and this allowed early CRPGs to create a greater illusion of player choice by acting in the world. As computer graphics technology increased, developers could show more visuals to the player, and achievements in voice acting allowed for characters to truly come to life. But somehow, all the technical doodads restricted the player&#8217;s input because there are only so many permutations a game designer can cover. Now that technology has progressed even further, characters in games like Skyrim or the many MMOs out there should feel open to all kinds of player interactions, but NPC responses still come out bland and repetitive. Why can&#8217;t present games allow us to feel like we are playing in a vibrant, living world where our input has real impact on the story? When will games let us choose more than two or three options when talking to an NPC? This discussion between developers of today&#8217;s RPGs and MMOs will reveal what the next generation of computer role-playing games has in store. -- Panelists: Greg Tito [Senior Editor, The Escapist], Dave Georgeson [Sony Online Entertainment], Mike Laidlaw [BioWare], Ryan Dancey [Pathfinder Online]" end="Sunday 3/24/2013 1:00 PM" kind="Panel" location="Corgi Theatre" name="The Future of Playing a Role in Videogame RPGs" /><Event datetime="Sunday 3/24/2013 12:30 pm" description="Who invented dice? All we know for certain is he or she lived at least 5,000 years ago and was likely bored of throwing animal bones for fun. (Like Pass the Pigs except with real pig.) For some reason, Mr. or Ms. Paleo Gamer then started using cubes with dots on them. From there it was a short step to the modern 20 sided-dice. Wait, did I say modern? Because those were actually invented by the ancient Egyptians, as was the D12 - meaning they likely also invented D&amp;D. Find out more about everyone&#8217;s favorite gaming essential, including the development (for reasons unknown) of the three, five and seven-sided die. If you&#8217;d like to find out how to make crooked dice, if you&#8217;re curious if it&#8217;s possible for someone to talk for an hour about dice or if you&#8217;re only other choice is a Dora The Explorer marathon, then this is the panel for you! -- Panelists: Constantine von Hoffman [Writer, CBSNews]" end="Sunday 3/24/2013 1:30 PM" kind="Panel" location="Tabletop Workshop" name="A Random History of Dice" /><Event datetime="Sunday 3/24/2013 12:30 pm" description="Hobbies can come and go, but for many of us gaming goes beyond &#8220;Hobby.&#8221; Whether it&#8217;s moments in games you still recall decades later, the friends from your old Counter-Strike clan, or that convention D&amp;D game that devolved into chaos, there is a reason we wear the name &#8220;Gamer&#8221; as a badge of honor. Join the Gamers With Jobs Conference Call crew along with guests Jeff Green (GFW Radio, Popcap) and Justin McElroy (Polygon, My Brother My Brother &amp; Me) as they discuss what keeps the gaming fire alive even after years or decades. But it&#8217;s not all about the past, it&#8217;s about the hope of what to come, and the best of what gaming is right now. This is Why We Game. -- Panelists: Shawn Andrich [Co-Founder, Gamers With Jobs], Sean Sands [Co-Founder, Gamers With Jobs], Julian Murdoch [Podcaster, Gamers With Jobs], Cory Banks [Podcaster, Gamers With Jobs], Justin McElroy [Managing Editor, Polygon], Jeff Green [Director of Editorial and Social Media, PopCap Games]" end="Sunday 3/24/2013 1:30 PM" kind="Panel" location="Arachnid Theatre" name="Gamers With Jobs&#8212;Why We Game" /><Event datetime="Sunday 3/24/2013 12:30 pm" description="Argue, debate and help us decide what the Top 25 games of this generation were, and win prizes along the way! -- Panelists: Casey Lynch [Editor-in-Chief, IGN], Greg Miller [Executive Editor, IGN], Daemon Hatfield [Senior Video Host and Editor, IGN], Mitch Dyer [Editor, IGN]" end="Sunday 3/24/2013 1:30 PM" kind="Panel" location="Wyvern Theatre" name="IGN Presents: GameScoop! The Top 25 Games of the Generation" /><Event datetime="Sunday 3/24/2013 12:30 pm" description="Gearbox Software is back at PAX East in Boston!&#160; If you&#8217;ve made it to our panels before, you know you will not want to miss this one!&#160; This is your opportunity to get a behind the scenes look at Gearbox Software and all your favorite Gearbox games including Borderlands 2, and other amazing Gearbox franchises.&#160; And we can&#8217;t forget about all the never before seen reveals, huge exclusives and massive surprises!&#160; We are now in the Main Theater this year so more space for more fans!&#160; Come out and join us! -- Panelists: Randy Pitchford (CEO of Gearbox Software), Mikey Neumann (Chief Creative Champion at Gearbox Software), Anthony Burch (Lead Writer for Borderlands 2 at Gearbox Software), Paul Hellquist (Creative Director for Borderlands 2 at Gearbox Software)" end="Sunday 3/24/2013 1:30 PM" kind="Panel" location="Main Theatre" name="Inside Gearbox Software" /><Event datetime="Sunday 3/24/2013 1:00 pm" description="Whatever happens to the source code, development equipment and historical information from all of those videogames from the 1970&#8217;s &amp; 1980&#8217;s?&#160; The American Classic Arcade Museum and our guests panelist will answer those questions, and describe the importance &amp; value of preserving video game history. -- Panelists: Mike Stulir [American Classic Arcade Museum], Gary Vincent [American Classic Arcade Museum], John Anderson [Freelance Author]" end="Sunday 3/24/2013 2:00 PM" kind="Panel" location="Sphinx" name="ACAM&#8212;Preserving Video Game History Panel" /><Event datetime="Sunday 3/24/2013 1:00 pm" description="Major news aggregators and discussion sites agree - US patent law, and software-related patents in particular, are out of control: a major computer company patented rounded corners; a retailer patented clicking once; and it&#8217;s not worth developing a product because you&#8217;ll get immediately get sued into oblivion by some troll. Find out why all these are wrong, as we talk about the popular myths and fallacies, why patents do spur innovation, and how you can use patent law to increase the value of your gaming company. Of course, patent law is not perfect, and we&#8217;ll also discuss why the current arguments for reform don&#8217;t work and what arguments might. -- Panelists: Daniel Rose [Patent Attorney, Foley &amp; Lardner, LLP], John Lanza [Patent Attorney, Foley &amp; Lardner, LLP], Adam Losey [Attorney and Educator, Foley &amp; Lardner, LLP], Dave Walls [CEO and Developer, Funkitron, Inc.], Seth Goldstein [Engineering Manager, Harmonix Music], Additional panelists to be named" end="Sunday 3/24/2013 2:00 PM" kind="Panel" location="Merman Theatre" name="Everything You&#8217;ve Heard About Patent Law is Wrong" /><Event datetime="Sunday 3/24/2013 1:00 pm" description="1v1 Score Attack, 32 Player Cap" end="Sunday 3/24/2013 3:00 PM" kind="Panel" location="Console Tourney" name="Pac Man CE DX Tournament" /><Event datetime="Sunday 3/24/2013 1:00 pm" description="3v3, 192 Player Cap" end="Sunday 3/24/2013 5:00 PM" kind="Panel" location="PC Tourney" name="Shootmania Tournament" /><Event datetime="Sunday 3/24/2013 1:00 pm" description="Women in gaming and &#8220;fake nerd girls&#8221; have become a topic of much debate recently. For every voice raised in favor of critically addressing the climate for women in gaming, a dozen more cry out in defensive, silencing backlash. This panel offers a discussion of these issues, not from the outside, but from the inside, bringing together five women from across the nerd community who have faced trolls and white knights and lived to tell their tales. The panel includes game designer Shoshana Kessock, The Mary Sue managing editor Susana Polo, cosplay model Stella Chuu, and sex educator/nerdlesque performer Iris Explosion. This panel will also discuss positive strategies to create a safer, more supportive community for women at cons and in the gaming community at large.&#160; Moderated by the founder of D20 Burlesque, Anja Keister. -- Panelists: Anja Keister [Co-producer &amp; performer, D20 Burlesque], Shoshana Kessock [CEO, game designer, blogger, Phoenix Outlaw Productions], Iris Explosion [Sex Educator, freelance performer], Stella Chuu [Cosplay model, freelance performer &amp; model], Susana Polo [Managing Editor, The Mary Sue]" end="Sunday 3/24/2013 2:00 PM" kind="Panel" location="Naga Theatre" name="You Game Like A Girl: Tales of Trolls &amp; White Knights" /><Event datetime="Sunday 3/24/2013 1:30 pm" description="DisorganizationXIII&#8217;s band of pro gamers and tournament organizers are here to talk about how to run a successful gaming tournament. They will cover organization, equipment, and even how to stream your tournament live over the internet. Learn how to bring together your local gaming community without losing your head in the inevitable chaos that is the tournament scene. Weeklies, majors, or just simple meetups, this panel will teach you how to prepare and run any size tournament effectively and smoothly. As a special bonus, we will be telling some of our own favorite tournament horror stories. Bring your own! (Panel will focus on fighting game tournaments but the concepts therein can apply to any game genre.) -- Panelists: Angelo D&#8217;Argenio [President/Editor/Editor, DisorganizationXIII/Shoryuken.com/Cheat Code Central], JP Porcaro [President, American Library Association&#8217;s Games and Gaming Round Table], Leah Davis [Senior Member, Disorganization XIII], Robert Bauer [Senior Member/Lead Educator, DisorganizationXIII/Mathnasium], Maximillian Krchmar [Tournament Organizer], Andrew Greenberg [Tournament Organizer, Team St1ckbug] Brandon Nance [Tournament Organizer]" end="Sunday 3/24/2013 2:30 PM" kind="Panel" location="Corgi Theatre" name="How to Run a Tournament: Bringing Together Your Local Community" /><Event datetime="Sunday 3/24/2013 2:00 pm" description="" end="Sunday 3/24/2013 5:00 PM" kind="Panel" location="Tabletop Tourney" name="Dominion Finals" /><Event datetime="Sunday 3/24/2013 2:00 pm" description="Gaming is not just a form of entertainment. Games are being used by top researchers for everything from disaster preparedness to cyber defense.&#160; So called &#8220;Serious Games&#8221; offer researchers the ability to explore complex decision processes, evaluate novel technologies, and assess player performance.&#160; Join MIT Lincoln Laboratory researchers for a conversation on serious games and their application to national security problems. -- Panelists: Andrew Weinert [Technical Staff, Disaster Preparedness, MIT Lincoln Laboratory], Adam Norige [Technical Staff, Homeland Protection, MIT Lincoln Laboratory], Erik Schlicht [Technical Staff, Cognitive Science, MIT Lincoln Laboratory], Andy Wang [Technical Staff, Decision Support, MIT Lincoln Laboratory], Nancy Crabtree [Technical Staff, Cyber Defense, MIT Lincoln Laboratory], Tim Dasey [Group Leader, Decision Support Technologies, MIT Lincoln Laboratory]" end="Sunday 3/24/2013 3:00 PM" kind="Panel" location="Wyvern Theatre" name="Gaming in Support of National Security" /><Event datetime="Sunday 3/24/2013 2:00 pm" description="You love video game music in all sorts of styles? So do we!! Join the staff of VGM superfan community OC ReMix for MASSIVE LIVE PERFORMANCES, highlights of community projects (including the successfully Kickstarted album, Final Fantasy VI: Balance and Ruin - over $153,000 raised!!!), gaming competitions, trivia, prizes (limited edition physical albums!!!), and ALL THE VGM THINGS! -- Panelists: PLUS, get a load of the NEW version of the ocremix.org website! It&#8217;s HERE, and creator &amp; designer David &#8220;djpretzel&#8221; Lloyd is gonna show off the goods! OC ReMix&#8217;s heavy hitters are also here in full force! Ask djpretzel, community manager Larry &#8220;Liontamer&#8221; Oji &amp; the top artists of OCR your burning questions! DON&#8217;T MISS OUT! GET SWAGGED OUT!" end="Sunday 3/24/2013 3:00 PM" kind="Panel" location="Arachnid Theatre" name="OC ReMix: Punching You in the FACE with VIDEO GAME MUSIC!!!" /><Event datetime="Sunday 3/24/2013 2:00 pm" description="Wait, they do even more panels!?&#160; These guys are the best!&#160; Come meet the hardest working duo in the online jpeg racket.&#160; Gabe and Tycho field your questions and entertain you because hey, you deserve it. -- Panelists: Gabe and Tycho!" end="Sunday 3/24/2013 3:00 PM" kind="Panel" location="Main Theatre" name="Penny Arcade Q&amp;A #2" /><Event datetime="Sunday 3/24/2013 2:00 pm" description="Negotiation, leverage, seduction, persuasion, cooperation, vows and promises. Social conflicts don&#8217;t play out like sword fights, but here in tabletop roleplaying we often use similar systems for both. Join independent RPG designers Emily Care Boss, Epidiah Ravachol, Meguey Baker, and Vincent Baker for a crash course in designing systems for non-violent conflict and confrontation. -- Panelists: Vincent Baker [Owner/Creator, Lumpley Games], Meguey Baker [Owner/Creator, Night Sky Games], Emily Care Boss [Owner/Creator, Black &amp; Green Games], Epidiah Ravachol [Owner/Creator, Dig a Thousand Holes Publishing]" end="Sunday 3/24/2013 3:00 PM" kind="Panel" location="Tabletop Workshop" name="Sex and (Non)Violence" /><Event datetime="Sunday 3/24/2013 2:00 pm" description="1v1, 32 Player Cap" end="Sunday 3/24/2013 4:00 PM" kind="Panel" location="Console Tourney" name="Virtual-On OT Tournament" /><Event datetime="Sunday 3/24/2013 2:30 pm" description="Playing pinball&#8212;isn&#8217;t that just slamming the buttons and hoping the ball goes in the right direction?&#160; NO!&#160; Two-time PAPA World Champion Bowen Kerins will teach you how to aim, how to nudge, how to control the ball, and how to strategically plan your way through a game.&#160; Bowen will play his way through live games of pinball while the action is captured and displayed via a camera mounted above the game. -- Panelists: Bowen Kerins [Pinball Player, Pro-Am Pinball Association], Mark Steinman [Coordinator, Pro-Am Pinball Association]" end="Sunday 3/24/2013 3:30 PM" kind="Panel" location="Naga Theatre" name="How To Play Pinball" /><Event datetime="Sunday 3/24/2013 2:30 pm" description="Tired of using pringles cans and cut felt for your tabletop gaming? In this panel the crew that made the Corvis Warmachine table for Penny Arcade and the CEO of Tectonic Craft Studios will teach attendees the basics of tabletop terrain fabrication. Topics will include materials, methods, and sizes as well as tips and tricks. We will also present where the future of tabletop terrain is going with new maker technologies like personal laser cutters, CnCs, and rapid prototyping machines. -- Panelists: Mark Sivak [Co-Founder, At-Large Gamers], Richard Ranky [CEO, 3-Spark], Seth Sivak [CEO, Proletariat Inc.], Dan Cotrupe [Lead Designer and CEO, Tectonic Craft Studios]" end="Sunday 3/24/2013 3:30 PM" kind="Panel" location="Sphinx" name="Tabletop Gaming Terrain 101: Learn to make terrain for your tabletop adventures" /><Event datetime="Sunday 3/24/2013 2:30 pm" description="Do you have to be a programmer to have a career in the gaming industry? Join James Lopez as he discusses alternative careers in the gaming industry with gamers who have taken their gaming passion and have created businesses around them. Learn what it takes to succeed in gaming, from some of the best creative minds in the industry. Bring your notepad and questions, leave with executable advice on how to take it to the next level. -- Panelists: James Lopez [Founder, ThePhatStartup.com], Anthony Frasier [Founder, TheKoalition.com], CJ Peters [Founder/CEO, KonsoleKingz.com], Gerard Williams [Founder, HipHopGamerShow.com], Alexis Hebert-Ruiz [Community Manager, Microsoft]" end="Sunday 3/24/2013 3:30 PM" kind="Panel" location="Merman Theatre" name="Turning Your Gaming Passion Into Profits" /><Event datetime="Sunday 3/24/2013 3:00 pm" description="" end="Sunday 3/24/2013 5:00 PM" kind="Panel" location="Tabletop Tourney" name="7 Wonders Finals" /><Event datetime="Sunday 3/24/2013 3:00 pm" description="Would you like to play a game? The goal: be the funniest gamer in the room. Gather around the projector as some of the most twisted minds in the gaming industry, armed with hilarious video clips, partake in a King of the Hill battle for funniest moment in gaming. From unfortunate glitches to ugly nerd rages, it&#8217;s clip after clip of the things we find hilarious&#8230; and humanity is truly ashamed of. Who will take home this year&#8217;s &#8220;No Life. Whatsoever.&#8221; award in this classic game of &#8220;my video is funnier than yours&#8221;? The audience decides. -- Panelists: Seven DeBord [Creator, RaidWarning, GuildWarsInsider], Patrick Mulhern [Editor in Chief, Lorehound], Landon Robinson [Writer, Machinima]" end="Sunday 3/24/2013 4:00 PM" kind="Panel" location="Phoenix Theatre" name="Clip War! Gaming&#8217;s Funniest Video Moments and Mishaps" /><Event datetime="Sunday 3/24/2013 3:00 pm" description="What&#8217;s the &#8220;Right&#8221; way to create a transgender character for a video game, and how do you make games more welcoming for transgender gamers?&#160; Our panel of transgender game designers and journalists will discuss and debate how Trans characters should be presented in games, and how the gaming industry and community can better address issues of inclusiveness. -- Panelists: Charles Battersby [Writer, www.DoEE.us], Jennell Jaquays [Owner, Dragongirl Studios], Rebecca Heineman [CEO, Olde Skuul], Eric L. Patterson [News Editor, EGM Media]" end="Sunday 3/24/2013 4:00 PM" kind="Panel" location="Corgi Theatre" name="Press XY Presents: Help, I think my Wizard is a Transsexual!" /><Event datetime="Sunday 3/24/2013 3:30 pm" description="Free to Play games have cropped up in almost every genre of gaming these days, and that&#8217;s good news for newbies and old-timers who want to relive the glory of their youth with revived franchises like MechWarrior, Tribes (Todd Harris is now onboard as of this edit!) and Star Citizen! Go back to the future with the developers of these free to play titles, join the discussion and win sweet prizes! -- Panelists: Russ Bullock [CEO, Lead Dev, MechWarrior Online, Piranha Games], Chris Roberts [President, Lead Dev, Star Citizen, Cloud Imperium Games], Todd Harris [President, Hi Rez (Tribes Ascend), Hi Rez Studios]" end="Sunday 3/24/2013 4:30 PM" kind="Panel" location="Arachnid Theatre" name="Going Back To The Future - Calling All Mechwarriors, Tribes and Star Citizens" /><Event datetime="Sunday 3/24/2013 3:30 pm" description="Featuring the sports gaming writers from Polygon, Joystiq, GamesRadar, and Operation Sports, along with two developers with a long history of success in the sports game genre, the panel discusses the threats and opportunities sports fans face with the upcoming generation of consoles and tablets. -- Panelists: Richard Grisham [Panel Host, Operation Sports, GamesRadar], Mike Suszek [Weekend Editor, Joystiq], Samit Sarkar [News Reporter, Polygon], Kraig Kujawa [Creative Director, Iron Galaxy Studios], Greg Sewart [Associate Producer, Frontier Developments]" end="Sunday 3/24/2013 4:30 PM" kind="Panel" location="Wyvern Theatre" name="Sports Gaming in the Next Generation" /><Event datetime="Sunday 3/24/2013 4:00 pm" description="eSports, Competitive Gaming, Professional Gaming. All terms for a worldwide community and movement spanning multiple games and genres since the mid-90&#8217;s. 2012 was the biggest year yet, but it&#8217;s been a long and bumpy road along the way. Join veterans Marcus &#8220;djWHEAT&#8221; Graham from TwitchTV alongside GameSpot&#8217;s Rod &#8220;Slasher&#8221; Breslau to learn the origins of esports, the current state of the industry, and what the future will bring. -- Panelists: Rod [Lead eSports Editor, Host, GameSpot, Live On Three], Marcus [eSports &amp; Viz Dev Manager, Host, TwitchTV, Live On Three]" end="Sunday 3/24/2013 5:00 PM" kind="Panel" location="Naga Theatre" name="eSports in 2013: The Past, Present, and Future" /><Event datetime="Sunday 3/24/2013 4:00 pm" description="Kids playing video games?&#160; We&#8217;re at a point of saturation - a 2010 (that&#8217;s 2 years ago, for those counting) Pew Internet &amp; American Life poll showed that 99% of boys and 94% of girls play video games.&#160; Psychiatrically speaking, is this a bad thing?&#160; Can gaming be addicting?&#160; Are games safe for kids?&#160; How much is too much?&#160; How can we keep kids safe?&#160; Join Dr. Tyler Black, a frequent PAX presenter and a child psychiatrist from BC Children&#8217;s Hospital, to explore these issues.&#160; The panel will be a 40 minute presentation followed by interactive discussion. -- Panelists: Dr. Tyler R. Black [Child and Adolescent Psychiatrist, BC Children&#8217;s Hospital]" end="Sunday 3/24/2013 5:00 PM" kind="Panel" location="Merman Theatre" name="Parenting and Video Games: The Psychiatric Perspective" /><Event datetime="Sunday 3/24/2013 4:00 pm" description="Dungeon Mastering, like wine tasting and equestrianism, is a fine art. It takes a variety of skills- story-weaver, actor, lawyer, arbitrator- to sit behind the screen with confidence, style and aplomb. But fear not. These skills can all be learned and our expert Dungeon Masters plucked straight from the D&amp;D R&amp;D department will be on hand to answer your questions. Need tips for DM&#8217;ing with D&amp;D Next rules? Have some rules that need adjudication? Want help building encounters and campaigns? A Q&amp;A session will follow the panel discussion. All levels of Dungeon Masters welcome. -- Panelists: Chris Perkins [Senior Producer, Wizards of the Coast], Mike Mearls [Senior Manager, Wizards of the Coast]" end="Sunday 3/24/2013 5:00 PM" kind="Panel" location="Sphinx" name="The Art of the Dungeon Master" /><Event datetime="Sunday 3/24/2013 4:00 pm" description="" end="Sunday 3/24/2013 5:00 PM" kind="Panel" location="Tabletop Tourney" name="Tsuro Tournament" /><Event datetime="Sunday 3/24/2013 4:30 pm" description="Developers and journalists discuss and handicap the NAVGTR Awards races with last-minute predictions just hours before the winners are announced in each category, in one of the weekend&#8217;s final panels. -- Panelists: Moderated by Ken Gagne of PC World, guest panelists include Susan Arendt, editor-in-chief of The Escapist, Jesse Cox, co-host of the Gamestation podcast, Charles Battersby of Explosion.com, and Will Brierly of Snowrunner Productions and Soda Drinker Pro, downloaded by 10 million popheads." end="Sunday 3/24/2013 5:30 PM" kind="Panel" location="Phoenix Theatre" name="Will Win/Should Win: The NAVGTR Awards Debate" /><Event datetime="Sunday 3/24/2013 4:30 pm" description="" end="Sunday 3/24/2013 5:30 PM" kind="Panel" location="Handheld Tourney" name="Tetris DS Tournament" /><Event datetime="Sunday 3/24/2013 5:00 pm" description="Name your favorite games. Now name your favorite educational games. It&#8217;s hard, right? I mean, what kind of a nerd asks what your favorite educational games are? It&#8217;s not like any of them are, y&#8217;know, fun. Or educational. But it doesn&#8217;t have to be that way. There&#8217;s a lot of misunderstanding from teachers and developers alike on how to optimally use the potent force of gaming towards the betterment of society and the enrichment of the souls of the students. As a former middle school teacher and current developer of the Marxist macroeconomic game &#8220;Neocolonialism&#8221; (subalterngames.com), I want to change that. Let&#8217;s talk about it. -- Panelists: Seth Alter [Captain of Industry, Subaltern Games]" end="Sunday 3/24/2013 6:00 PM" kind="Panel" location="Tabletop Workshop" name="Most Educational Games are Crap (but they don&#8217;t have to be)" /><Event datetime="Sunday 3/24/2013 5:30 pm" description="Last year we brought to you the national pastime of Canada, but in 2013&#8230; we can assure you the experience will be far more harrowing. ENJOY." end="Sunday 3/24/2013 6:30 PM" kind="Panel" location="Main Theatre" name="Omegathon Final Round: ???" /></Schedule></xml>