<xml version="1.0"><!--Generated by ElementTree in webScraper.py at 2014-03-12 20:24:31.878086-->
	<Schedule>
	
	    <Event id="1506218" name="11 Bit Studios " kind="Expo" location="1125" description="exhibitor" datetime="Friday 4/11/2014 10:00 am" end="Sunday 4/13/2014 5:00 PM" />
	  
	    <Event id="1506219" name="17-Bit " kind="Expo" location="586" description="exhibitor" datetime="Friday 4/11/2014 10:00 am" end="Sunday 4/13/2014 5:00 PM" />
	  
	    <Event id="1506220" name="2K Games " kind="Expo" location="948, 962" description="exhibitor" datetime="Friday 4/11/2014 10:00 am" end="Sunday 4/13/2014 5:00 PM" />
	  
	    <Event id="1506221" name="505 Games " kind="Expo" location="396" description="exhibitor" datetime="Friday 4/11/2014 10:00 am" end="Sunday 4/13/2014 5:00 PM" />
	  
	    <Event id="1506222" name="82 Apps " kind="Expo" location="580" description="exhibitor" datetime="Friday 4/11/2014 10:00 am" end="Sunday 4/13/2014 5:00 PM" />
	  
	    <Event id="1506223" name="Ackk Studios " kind="Expo" location="797" description="exhibitor" datetime="Friday 4/11/2014 10:00 am" end="Sunday 4/13/2014 5:00 PM" />
	  
	    <Event id="1506224" name="Active Gaming Media " kind="Expo" location="487" description="exhibitor" datetime="Friday 4/11/2014 10:00 am" end="Sunday 4/13/2014 5:00 PM" />
	  
	    <Event id="1506225" name="ADATA Technology " kind="Expo" location="1079" description="exhibitor" datetime="Friday 4/11/2014 10:00 am" end="Sunday 4/13/2014 5:00 PM" />
	  
	    <Event id="1506226" name="Adult Swim Games " kind="Expo" location="1055" description="exhibitor" datetime="Friday 4/11/2014 10:00 am" end="Sunday 4/13/2014 5:00 PM" />
	  
	    <Event id="1506227" name="Age of Empires Studio " kind="Expo" location="492" description="exhibitor" datetime="Friday 4/11/2014 10:00 am" end="Sunday 4/13/2014 5:00 PM" />
	  
	    <Event id="1506228" name="Aimpad " kind="Expo" location="1137" description="exhibitor" datetime="Friday 4/11/2014 10:00 am" end="Sunday 4/13/2014 5:00 PM" />
	  
	    <Event id="1506229" name="AlgoCrunch " kind="Expo" location="138" description="exhibitor" datetime="Friday 4/11/2014 10:00 am" end="Sunday 4/13/2014 5:00 PM" />
	  
	    <Event id="1506230" name="Amplitude " kind="Expo" location="786" description="exhibitor" datetime="Friday 4/11/2014 10:00 am" end="Sunday 4/13/2014 5:00 PM" />
	  
	    <Event id="1506231" name="Asinine Games " kind="Expo" location="1194" description="exhibitor" datetime="Friday 4/11/2014 10:00 am" end="Sunday 4/13/2014 5:00 PM" />
	  
	    <Event id="1506232" name="Asteroid Base " kind="Expo" location="776" description="exhibitor" datetime="Friday 4/11/2014 10:00 am" end="Sunday 4/13/2014 5:00 PM" />
	  
	    <Event id="1506233" name="Astro Gaming " kind="Expo" location="666" description="exhibitor" datetime="Friday 4/11/2014 10:00 am" end="Sunday 4/13/2014 5:00 PM" />
	  
	    <Event id="1506234" name="Batterystaple Games " kind="Expo" location="1038" description="exhibitor" datetime="Friday 4/11/2014 10:00 am" end="Sunday 4/13/2014 5:00 PM" />
	  
	    <Event id="1506235" name="BattleGoat Studios " kind="Expo" location="1015" description="exhibitor" datetime="Friday 4/11/2014 10:00 am" end="Sunday 4/13/2014 5:00 PM" />
	  
	    <Event id="1506236" name="Becker College " kind="Expo" location="140" description="exhibitor" datetime="Friday 4/11/2014 10:00 am" end="Sunday 4/13/2014 5:00 PM" />
	  
	    <Event id="1506237" name="BenQ " kind="Expo" location="1141" description="exhibitor" datetime="Friday 4/11/2014 10:00 am" end="Sunday 4/13/2014 5:00 PM" />
	  
	    <Event id="1506238" name="Bethesda " kind="Expo" location="1012, 1018, 912" description="exhibitor" datetime="Friday 4/11/2014 10:00 am" end="Sunday 4/13/2014 5:00 PM" />
	  
	    <Event id="1506239" name="Big Fish Games " kind="Expo" location="992" description="exhibitor" datetime="Friday 4/11/2014 10:00 am" end="Sunday 4/13/2014 5:00 PM" />
	  
	    <Event id="1506240" name="Binary Solo " kind="Expo" location="1089" description="exhibitor" datetime="Friday 4/11/2014 10:00 am" end="Sunday 4/13/2014 5:00 PM" />
	  
	    <Event id="1506241" name="Blizzard " kind="Expo" location="848" description="exhibitor" datetime="Friday 4/11/2014 10:00 am" end="Sunday 4/13/2014 5:00 PM" />
	  
	    <Event id="1506242" name="Bootsnake Games " kind="Expo" location="683" description="exhibitor" datetime="Friday 4/11/2014 10:00 am" end="Sunday 4/13/2014 5:00 PM" />
	  
	    <Event id="1506243" name="Boston Indie Selections " kind="Expo" location="675" description="exhibitor" datetime="Friday 4/11/2014 10:00 am" end="Sunday 4/13/2014 5:00 PM" />
	  
	    <Event id="1506244" name="Brace Yourself Games " kind="Expo" location="489" description="exhibitor" datetime="Friday 4/11/2014 10:00 am" end="Sunday 4/13/2014 5:00 PM" />
	  
	    <Event id="1506245" name="Broken Crown Games " kind="Expo" location="1080" description="exhibitor" datetime="Friday 4/11/2014 10:00 am" end="Sunday 4/13/2014 5:00 PM" />
	  
	    <Event id="1506246" name="C63 Industries " kind="Expo" location="1193" description="exhibitor" datetime="Friday 4/11/2014 10:00 am" end="Sunday 4/13/2014 5:00 PM" />
	  
	    <Event id="1506247" name="Carnegie Mellon University " kind="Expo" location="1191" description="exhibitor" datetime="Friday 4/11/2014 10:00 am" end="Sunday 4/13/2014 5:00 PM" />
	  
	    <Event id="1506248" name="Chainsawesome Games " kind="Expo" location="1185" description="exhibitor" datetime="Friday 4/11/2014 10:00 am" end="Sunday 4/13/2014 5:00 PM" />
	  
	    <Event id="1506249" name="Champlain College " kind="Expo" location="160" description="exhibitor" datetime="Friday 4/11/2014 10:00 am" end="Sunday 4/13/2014 5:00 PM" />
	  
	    <Event id="1506250" name="Chessex " kind="Expo" location="1112" description="exhibitor" datetime="Friday 4/11/2014 10:00 am" end="Sunday 4/13/2014 5:00 PM" />
	  
	    <Event id="1506251" name="Citeremis " kind="Expo" location="1094" description="exhibitor" datetime="Friday 4/11/2014 10:00 am" end="Sunday 4/13/2014 5:00 PM" />
	  
	    <Event id="1506252" name="Command D " kind="Expo" location="1133" description="exhibitor" datetime="Friday 4/11/2014 10:00 am" end="Sunday 4/13/2014 5:00 PM" />
	  
	    <Event id="1506253" name="Cooler Master " kind="Expo" location="216" description="exhibitor" datetime="Friday 4/11/2014 10:00 am" end="Sunday 4/13/2014 5:00 PM" />
	  
	    <Event id="1506254" name="Corsair " kind="Expo" location="896" description="exhibitor" datetime="Friday 4/11/2014 10:00 am" end="Sunday 4/13/2014 5:00 PM" />
	  
	    <Event id="1506255" name="CPU Magazine " kind="Expo" location="1117" description="exhibitor" datetime="Friday 4/11/2014 10:00 am" end="Sunday 4/13/2014 5:00 PM" />
	  
	    <Event id="1506256" name="Crooked Tree Studios " kind="Expo" location="1082" description="exhibitor" datetime="Friday 4/11/2014 10:00 am" end="Sunday 4/13/2014 5:00 PM" />
	  
	    <Event id="1506257" name="D3 Publisher " kind="Expo" location="194" description="exhibitor" datetime="Friday 4/11/2014 10:00 am" end="Sunday 4/13/2014 5:00 PM" />
	  
	    <Event id="1506258" name="Deconstructeam " kind="Expo" location="689" description="exhibitor" datetime="Friday 4/11/2014 10:00 am" end="Sunday 4/13/2014 5:00 PM" />
	  
	    <Event id="1506259" name="Decoy Games " kind="Expo" location="1043" description="exhibitor" datetime="Friday 4/11/2014 10:00 am" end="Sunday 4/13/2014 5:00 PM" />
	  
	    <Event id="1506260" name="Defiant Development " kind="Expo" location="682" description="exhibitor" datetime="Friday 4/11/2014 10:00 am" end="Sunday 4/13/2014 5:00 PM" />
	  
	    <Event id="1506261" name="Dejobaan Games " kind="Expo" location="774" description="exhibitor" datetime="Friday 4/11/2014 10:00 am" end="Sunday 4/13/2014 5:00 PM" />
	  
	    <Event id="1506262" name="Dennaton Games " kind="Expo" location="679" description="exhibitor" datetime="Friday 4/11/2014 10:00 am" end="Sunday 4/13/2014 5:00 PM" />
	  
	    <Event id="1506263" name="Devolver Digital " kind="Expo" location="987" description="exhibitor" datetime="Friday 4/11/2014 10:00 am" end="Sunday 4/13/2014 5:00 PM" />
	  
	    <Event id="1506264" name="Die Gute Fabrik " kind="Expo" location="481" description="exhibitor" datetime="Friday 4/11/2014 10:00 am" end="Sunday 4/13/2014 5:00 PM" />
	  
	    <Event id="1506265" name="DigiPen " kind="Expo" location="1095" description="exhibitor" datetime="Friday 4/11/2014 10:00 am" end="Sunday 4/13/2014 5:00 PM" />
	  
	    <Event id="1506266" name="Discord Games " kind="Expo" location="685" description="exhibitor" datetime="Friday 4/11/2014 10:00 am" end="Sunday 4/13/2014 5:00 PM" />
	  
	    <Event id="1506267" name="Disruptor Beam " kind="Expo" location="1051" description="exhibitor" datetime="Friday 4/11/2014 10:00 am" end="Sunday 4/13/2014 5:00 PM" />
	  
	    <Event id="1506268" name="Dissident Logic " kind="Expo" location="1165" description="exhibitor" datetime="Friday 4/11/2014 10:00 am" end="Sunday 4/13/2014 5:00 PM" />
	  
	    <Event id="1506269" name="Double Fine " kind="Expo" location="792" description="exhibitor" datetime="Friday 4/11/2014 10:00 am" end="Sunday 4/13/2014 5:00 PM" />
	  
	    <Event id="1506270" name="Drinkbox Studios " kind="Expo" location="483" description="exhibitor" datetime="Friday 4/11/2014 10:00 am" end="Sunday 4/13/2014 5:00 PM" />
	  
	    <Event id="1506271" name="ECA " kind="Expo" location="1074" description="exhibitor" datetime="Friday 4/11/2014 10:00 am" end="Sunday 4/13/2014 5:00 PM" />
	  
	    <Event id="1506272" name="Eclectic Eccentricities " kind="Expo" location="1160" description="exhibitor" datetime="Friday 4/11/2014 10:00 am" end="Sunday 4/13/2014 5:00 PM" />
	  
	    <Event id="1506273" name="Edge of Reality " kind="Expo" location="785" description="exhibitor" datetime="Friday 4/11/2014 10:00 am" end="Sunday 4/13/2014 5:00 PM" />
	  
	    <Event id="1506274" name="Elms College " kind="Expo" location="298" description="exhibitor" datetime="Friday 4/11/2014 10:00 am" end="Sunday 4/13/2014 5:00 PM" />
	  
	    <Event id="1506275" name="Endgame Studios " kind="Expo" location="130" description="exhibitor" datetime="Friday 4/11/2014 10:00 am" end="Sunday 4/13/2014 5:00 PM" />
	  
	    <Event id="1506276" name="ENERMAX " kind="Expo" location="1120" description="exhibitor" datetime="Friday 4/11/2014 10:00 am" end="Sunday 4/13/2014 5:00 PM" />
	  
	    <Event id="1506277" name="EVGA " kind="Expo" location="1121" description="exhibitor" datetime="Friday 4/11/2014 10:00 am" end="Sunday 4/13/2014 5:00 PM" />
	  
	    <Event id="1506278" name="Experimental Gamer " kind="Expo" location="979" description="exhibitor" datetime="Friday 4/11/2014 10:00 am" end="Sunday 4/13/2014 5:00 PM" />
	  
	    <Event id="1506279" name="Fangamer " kind="Expo" location="794" description="exhibitor" datetime="Friday 4/11/2014 10:00 am" end="Sunday 4/13/2014 5:00 PM" />
	  
	    <Event id="1506280" name="Fenix Fire " kind="Expo" location="887" description="exhibitor" datetime="Friday 4/11/2014 10:00 am" end="Sunday 4/13/2014 5:00 PM" />
	  
	    <Event id="1506281" name="Filthy Casual " kind="Expo" location="1190" description="exhibitor" datetime="Friday 4/11/2014 10:00 am" end="Sunday 4/13/2014 5:00 PM" />
	  
	    <Event id="1506282" name="Fire Hose Games " kind="Expo" location="678" description="exhibitor" datetime="Friday 4/11/2014 10:00 am" end="Sunday 4/13/2014 5:00 PM" />
	  
	    <Event id="1506283" name="Firefly Studios " kind="Expo" location="583" description="exhibitor" datetime="Friday 4/11/2014 10:00 am" end="Sunday 4/13/2014 5:00 PM" />
	  
	    <Event id="1506284" name="Fitchburg State University " kind="Expo" location="128" description="exhibitor" datetime="Friday 4/11/2014 10:00 am" end="Sunday 4/13/2014 5:00 PM" />
	  
	    <Event id="1506285" name="Flippfly " kind="Expo" location="1091" description="exhibitor" datetime="Friday 4/11/2014 10:00 am" end="Sunday 4/13/2014 5:00 PM" />
	  
	    <Event id="1506286" name="Flyleap Studios " kind="Expo" location="1181" description="exhibitor" datetime="Friday 4/11/2014 10:00 am" end="Sunday 4/13/2014 5:00 PM" />
	  
	    <Event id="1506287" name="Foam Brain Games " kind="Expo" location="266" description="exhibitor" datetime="Friday 4/11/2014 10:00 am" end="Sunday 4/13/2014 5:00 PM" />
	  
	    <Event id="1506288" name="Foe Hammer Shop " kind="Expo" location="1081" description="exhibitor" datetime="Friday 4/11/2014 10:00 am" end="Sunday 4/13/2014 5:00 PM" />
	  
	    <Event id="1506289" name="Forge on Games " kind="Expo" location="998" description="exhibitor" datetime="Friday 4/11/2014 10:00 am" end="Sunday 4/13/2014 5:00 PM" />
	  
	    <Event id="1506290" name="Frogdice " kind="Expo" location="680" description="exhibitor" datetime="Friday 4/11/2014 10:00 am" end="Sunday 4/13/2014 5:00 PM" />
	  
	    <Event id="1506291" name="Gaijin Games " kind="Expo" location="582" description="exhibitor" datetime="Friday 4/11/2014 10:00 am" end="Sunday 4/13/2014 5:00 PM" />
	  
	    <Event id="1506292" name="Game Underground " kind="Expo" location="597" description="exhibitor" datetime="Friday 4/11/2014 10:00 am" end="Sunday 4/13/2014 5:00 PM" />
	  
	    <Event id="1506293" name="GameChurch " kind="Expo" location="1148" description="exhibitor" datetime="Friday 4/11/2014 10:00 am" end="Sunday 4/13/2014 5:00 PM" />
	  
	    <Event id="1506294" name="Games by Mo " kind="Expo" location="798" description="exhibitor" datetime="Friday 4/11/2014 10:00 am" end="Sunday 4/13/2014 5:00 PM" />
	  
	    <Event id="1506295" name="Gaming ETC " kind="Expo" location="496" description="exhibitor" datetime="Friday 4/11/2014 10:00 am" end="Sunday 4/13/2014 5:00 PM" />
	  
	    <Event id="1506296" name="Gears for Breakfast " kind="Expo" location="676" description="exhibitor" datetime="Friday 4/11/2014 10:00 am" end="Sunday 4/13/2014 5:00 PM" />
	  
	    <Event id="1506297" name="Geek Chic HQ " kind="Expo" location="374" description="exhibitor" datetime="Friday 4/11/2014 10:00 am" end="Sunday 4/13/2014 5:00 PM" />
	  
	    <Event id="1506298" name="Genius / GX Gaming " kind="Expo" location="1159" description="exhibitor" datetime="Friday 4/11/2014 10:00 am" end="Sunday 4/13/2014 5:00 PM" />
	  
	    <Event id="1506299" name="GGN Game Studios " kind="Expo" location="1086" description="exhibitor" datetime="Friday 4/11/2014 10:00 am" end="Sunday 4/13/2014 5:00 PM" />
	  
	    <Event id="1506300" name="GIGABYTE " kind="Expo" location="250" description="exhibitor" datetime="Friday 4/11/2014 10:00 am" end="Sunday 4/13/2014 5:00 PM" />
	  
	    <Event id="1506301" name="Greater Than Games " kind="Expo" location="293" description="exhibitor" datetime="Friday 4/11/2014 10:00 am" end="Sunday 4/13/2014 5:00 PM" />
	  
	    <Event id="1506302" name="Greenbrier Games " kind="Expo" location="199" description="exhibitor" datetime="Friday 4/11/2014 10:00 am" end="Sunday 4/13/2014 5:00 PM" />
	  
	    <Event id="1506303" name="Grey Box " kind="Expo" location="348" description="exhibitor" datetime="Friday 4/11/2014 10:00 am" end="Sunday 4/13/2014 5:00 PM" />
	  
	    <Event id="1506304" name="Grimm Bros " kind="Expo" location="180" description="exhibitor" datetime="Friday 4/11/2014 10:00 am" end="Sunday 4/13/2014 5:00 PM" />
	  
	    <Event id="1506305" name="Gunnar Optiks " kind="Expo" location="593" description="exhibitor" datetime="Friday 4/11/2014 10:00 am" end="Sunday 4/13/2014 5:00 PM" />
	  
	    <Event id="1506306" name="Hanakai " kind="Expo" location="188" description="exhibitor" datetime="Friday 4/11/2014 10:00 am" end="Sunday 4/13/2014 5:00 PM" />
	  
	    <Event id="1506307" name="HappyGiant " kind="Expo" location="1035" description="exhibitor" datetime="Friday 4/11/2014 10:00 am" end="Sunday 4/13/2014 5:00 PM" />
	  
	    <Event id="1506308" name="Heart Machine " kind="Expo" location="789" description="exhibitor" datetime="Friday 4/11/2014 10:00 am" end="Sunday 4/13/2014 5:00 PM" />
	  
	    <Event id="1506309" name="Hololabs " kind="Expo" location="1087" description="exhibitor" datetime="Friday 4/11/2014 10:00 am" end="Sunday 4/13/2014 5:00 PM" />
	  
	    <Event id="1506310" name="Hyperkin " kind="Expo" location="1189" description="exhibitor" datetime="Friday 4/11/2014 10:00 am" end="Sunday 4/13/2014 5:00 PM" />
	  
	    <Event id="1506311" name="Indie Mini Booth " kind="Expo" location="574" description="exhibitor" datetime="Friday 4/11/2014 10:00 am" end="Sunday 4/13/2014 5:00 PM" />
	  
	    <Event id="1506312" name="Indie Tabletop " kind="Expo" location="876" description="exhibitor" datetime="Friday 4/11/2014 10:00 am" end="Sunday 4/13/2014 5:00 PM" />
	  
	    <Event id="1506313" name="Initive " kind="Expo" location="260" description="exhibitor" datetime="Friday 4/11/2014 10:00 am" end="Sunday 4/13/2014 5:00 PM" />
	  
	    <Event id="1506314" name="Innex " kind="Expo" location="1041" description="exhibitor" datetime="Friday 4/11/2014 10:00 am" end="Sunday 4/13/2014 5:00 PM" />
	  
	    <Event id="1506315" name="Intel " kind="Expo" location="436" description="exhibitor" datetime="Friday 4/11/2014 10:00 am" end="Sunday 4/13/2014 5:00 PM" />
	  
	    <Event id="1506316" name="Iridium Studios " kind="Expo" location="581" description="exhibitor" datetime="Friday 4/11/2014 10:00 am" end="Sunday 4/13/2014 5:00 PM" />
	  
	    <Event id="1506317" name="Iron Galaxy Studios " kind="Expo" location="999" description="exhibitor" datetime="Friday 4/11/2014 10:00 am" end="Sunday 4/13/2014 5:00 PM" />
	  
	    <Event id="1506318" name="iTapArcade " kind="Expo" location="1140" description="exhibitor" datetime="Friday 4/11/2014 10:00 am" end="Sunday 4/13/2014 5:00 PM" />
	  
	    <Event id="1506319" name="Japanime Games " kind="Expo" location="185" description="exhibitor" datetime="Friday 4/11/2014 10:00 am" end="Sunday 4/13/2014 5:00 PM" />
	  
	    <Event id="1506320" name="Kingston " kind="Expo" location="280" description="exhibitor" datetime="Friday 4/11/2014 10:00 am" end="Sunday 4/13/2014 5:00 PM" />
	  
	    <Event id="1506321" name="KinifiGames " kind="Expo" location="1093" description="exhibitor" datetime="Friday 4/11/2014 10:00 am" end="Sunday 4/13/2014 5:00 PM" />
	  
	    <Event id="1506322" name="Klei Entertainment " kind="Expo" location="874" description="exhibitor" datetime="Friday 4/11/2014 10:00 am" end="Sunday 4/13/2014 5:00 PM" />
	  
	    <Event id="1506323" name="Kongregate " kind="Expo" location="242" description="exhibitor" datetime="Friday 4/11/2014 10:00 am" end="Sunday 4/13/2014 5:00 PM" />
	  
	    <Event id="1506324" name="Kumobius " kind="Expo" location="885" description="exhibitor" datetime="Friday 4/11/2014 10:00 am" end="Sunday 4/13/2014 5:00 PM" />
	  
	    <Event id="1506325" name="Last Limb " kind="Expo" location="398" description="exhibitor" datetime="Friday 4/11/2014 10:00 am" end="Sunday 4/13/2014 5:00 PM" />
	  
	    <Event id="1506326" name="Lazy 8 Studios " kind="Expo" location="686" description="exhibitor" datetime="Friday 4/11/2014 10:00 am" end="Sunday 4/13/2014 5:00 PM" />
	  
	    <Event id="1506327" name="Level Up Studios " kind="Expo" location="592" description="exhibitor" datetime="Friday 4/11/2014 10:00 am" end="Sunday 4/13/2014 5:00 PM" />
	  
	    <Event id="1506328" name="Lifespark Entertainment " kind="Expo" location="985" description="exhibitor" datetime="Friday 4/11/2014 10:00 am" end="Sunday 4/13/2014 5:00 PM" />
	  
	    <Event id="1506329" name="Logitech " kind="Expo" location="448" description="exhibitor" datetime="Friday 4/11/2014 10:00 am" end="Sunday 4/13/2014 5:00 PM" />
	  
	    <Event id="1506330" name="Love Conquers All Games " kind="Expo" location="588" description="exhibitor" datetime="Friday 4/11/2014 10:00 am" end="Sunday 4/13/2014 5:00 PM" />
	  
	    <Event id="1506331" name="Louisiana State University " kind="Expo" location="299" description="exhibitor" datetime="Friday 4/11/2014 10:00 am" end="Sunday 4/13/2014 5:00 PM" />
	  
	    <Event id="1506332" name="Lumenox " kind="Expo" location="691" description="exhibitor" datetime="Friday 4/11/2014 10:00 am" end="Sunday 4/13/2014 5:00 PM" />
	  
	    <Event id="1506333" name="Machinima " kind="Expo" location="974" description="exhibitor" datetime="Friday 4/11/2014 10:00 am" end="Sunday 4/13/2014 5:00 PM" />
	  
	    <Event id="1506334" name="Marauder " kind="Expo" location="788" description="exhibitor" datetime="Friday 4/11/2014 10:00 am" end="Sunday 4/13/2014 5:00 PM" />
	  
	    <Event id="1506335" name="Marc Ten Bosch " kind="Expo" location="888" description="exhibitor" datetime="Friday 4/11/2014 10:00 am" end="Sunday 4/13/2014 5:00 PM" />
	  
	    <Event id="1506336" name="Mass Digi " kind="Expo" location="499" description="exhibitor" datetime="Friday 4/11/2014 10:00 am" end="Sunday 4/13/2014 5:00 PM" />
	  
	    <Event id="1506337" name="Matrix Games " kind="Expo" location="150" description="exhibitor" datetime="Friday 4/11/2014 10:00 am" end="Sunday 4/13/2014 5:00 PM" />
	  
	    <Event id="1506338" name="Mayfair Games " kind="Expo" location="474" description="exhibitor" datetime="Friday 4/11/2014 10:00 am" end="Sunday 4/13/2014 5:00 PM" />
	  
	    <Event id="1506339" name="MEGA64.COM " kind="Expo" location="340" description="exhibitor" datetime="Friday 4/11/2014 10:00 am" end="Sunday 4/13/2014 5:00 PM" />
	  
	    <Event id="1506340" name="Mercury Learning " kind="Expo" location="1131" description="exhibitor" datetime="Friday 4/11/2014 10:00 am" end="Sunday 4/13/2014 5:00 PM" />
	  
	    <Event id="1506341" name="Mesa Mundi " kind="Expo" location="183" description="exhibitor" datetime="Friday 4/11/2014 10:00 am" end="Sunday 4/13/2014 5:00 PM" />
	  
	    <Event id="1506342" name="MI-Clos Studio " kind="Expo" location="688" description="exhibitor" datetime="Friday 4/11/2014 10:00 am" end="Sunday 4/13/2014 5:00 PM" />
	  
	    <Event id="1506343" name="Microsoft " kind="Expo" location=" 362, 524, 624" description="exhibitor" datetime="Friday 4/11/2014 10:00 am" end="Sunday 4/13/2014 5:00 PM" />
	  
	    <Event id="1506344" name="Midnight City " kind="Expo" location="996" description="exhibitor" datetime="Friday 4/11/2014 10:00 am" end="Sunday 4/13/2014 5:00 PM" />
	  
	    <Event id="1506345" name="Mimoco " kind="Expo" location="134" description="exhibitor" datetime="Friday 4/11/2014 10:00 am" end="Sunday 4/13/2014 5:00 PM" />
	  
	    <Event id="1506346" name="Mixamo " kind="Expo" location="399" description="exhibitor" datetime="Friday 4/11/2014 10:00 am" end="Sunday 4/13/2014 5:00 PM" />
	  
	    <Event id="1506347" name="MSI " kind="Expo" location="392" description="exhibitor" datetime="Friday 4/11/2014 10:00 am" end="Sunday 4/13/2014 5:00 PM" />
	  
	    <Event id="1506348" name="Muse Games " kind="Expo" location="783" description="exhibitor" datetime="Friday 4/11/2014 10:00 am" end="Sunday 4/13/2014 5:00 PM" />
	  
	    <Event id="1506349" name="Muzzy Lane Software " kind="Expo" location="598" description="exhibitor" datetime="Friday 4/11/2014 10:00 am" end="Sunday 4/13/2014 5:00 PM" />
	  
	    <Event id="1506350" name="NCsoft " kind="Expo" location="562" description="exhibitor" datetime="Friday 4/11/2014 10:00 am" end="Sunday 4/13/2014 5:00 PM" />
	  
	    <Event id="1506351" name="Necrophone Games " kind="Expo" location="491" description="exhibitor" datetime="Friday 4/11/2014 10:00 am" end="Sunday 4/13/2014 5:00 PM" />
	  
	    <Event id="1506352" name="Nevernaut " kind="Expo" location="1188" description="exhibitor" datetime="Friday 4/11/2014 10:00 am" end="Sunday 4/13/2014 5:00 PM" />
	  
	    <Event id="1506353" name="New England Institute of Art " kind="Expo" location="1047" description="exhibitor" datetime="Friday 4/11/2014 10:00 am" end="Sunday 4/13/2014 5:00 PM" />
	  
	    <Event id="1506354" name="New England Institute of Technology " kind="Expo" location="182" description="exhibitor" datetime="Friday 4/11/2014 10:00 am" end="Sunday 4/13/2014 5:00 PM" />
	  
	    <Event id="1506355" name="Newegg.com " kind="Expo" location="986" description="exhibitor" datetime="Friday 4/11/2014 10:00 am" end="Sunday 4/13/2014 5:00 PM" />
	  
	    <Event id="1506356" name="Nine Dots Studio " kind="Expo" location="485" description="exhibitor" datetime="Friday 4/11/2014 10:00 am" end="Sunday 4/13/2014 5:00 PM" />
	  
	    <Event id="1506357" name="NinjaBee " kind="Expo" location="1180" description="exhibitor" datetime="Friday 4/11/2014 10:00 am" end="Sunday 4/13/2014 5:00 PM" />
	  
	    <Event id="1506358" name="Nnooo Pty " kind="Expo" location="118" description="exhibitor" datetime="Friday 4/11/2014 10:00 am" end="Sunday 4/13/2014 5:00 PM" />
	  
	    <Event id="1506359" name="No Goblin " kind="Expo" location="1045" description="exhibitor" datetime="Friday 4/11/2014 10:00 am" end="Sunday 4/13/2014 5:00 PM" />
	  
	    <Event id="1506360" name="Noble Whale Studios " kind="Expo" location="1169" description="exhibitor" datetime="Friday 4/11/2014 10:00 am" end="Sunday 4/13/2014 5:00 PM" />
	  
	    <Event id="1506361" name="NVIDIA " kind="Expo" location="924" description="exhibitor" datetime="Friday 4/11/2014 10:00 am" end="Sunday 4/13/2014 5:00 PM" />
	  
	    <Event id="1506362" name="Oculus VR " kind="Expo" location="234" description="exhibitor" datetime="Friday 4/11/2014 10:00 am" end="Sunday 4/13/2014 5:00 PM" />
	  
	    <Event id="1506363" name="Owlchemy Labs " kind="Expo" location="674" description="exhibitor" datetime="Friday 4/11/2014 10:00 am" end="Sunday 4/13/2014 5:00 PM" />
	  
	    <Event id="1506364" name="Paradox Interactive " kind="Expo" location="648" description="exhibitor" datetime="Friday 4/11/2014 10:00 am" end="Sunday 4/13/2014 5:00 PM" />
	  
	    <Event id="1506365" name="PAX East Indie Showcase " kind="Expo" location="692" description="exhibitor" datetime="Friday 4/11/2014 10:00 am" end="Sunday 4/13/2014 5:00 PM" />
	  
	    <Event id="1506366" name="Phosfiend Systems " kind="Expo" location="673" description="exhibitor" datetime="Friday 4/11/2014 10:00 am" end="Sunday 4/13/2014 5:00 PM" />
	  
	    <Event id="1506367" name="Pinball Arcade " kind="Expo" location="697" description="exhibitor" datetime="Friday 4/11/2014 10:00 am" end="Sunday 4/13/2014 5:00 PM" />
	  
	    <Event id="1506368" name="Pixelscopic " kind="Expo" location="585" description="exhibitor" datetime="Friday 4/11/2014 10:00 am" end="Sunday 4/13/2014 5:00 PM" />
	  
	    <Event id="1506369" name="Plantronics " kind="Expo" location="596" description="exhibitor" datetime="Friday 4/11/2014 10:00 am" end="Sunday 4/13/2014 5:00 PM" />
	  
	    <Event id="1506370" name="Play It Now " kind="Expo" location="1031" description="exhibitor" datetime="Friday 4/11/2014 10:00 am" end="Sunday 4/13/2014 5:00 PM" />
	  
	    <Event id="1506371" name="Playstation Community " kind="Expo" location="608" description="exhibitor" datetime="Friday 4/11/2014 10:00 am" end="Sunday 4/13/2014 5:00 PM" />
	  
	    <Event id="1506372" name="Plyngo " kind="Expo" location="178" description="exhibitor" datetime="Friday 4/11/2014 10:00 am" end="Sunday 4/13/2014 5:00 PM" />
	  
	    <Event id="1506373" name="PNY Technologies " kind="Expo" location="1166" description="exhibitor" datetime="Friday 4/11/2014 10:00 am" end="Sunday 4/13/2014 5:00 PM" />
	  
	    <Event id="1506374" name="Polycrime " kind="Expo" location="1183" description="exhibitor" datetime="Friday 4/11/2014 10:00 am" end="Sunday 4/13/2014 5:00 PM" />
	  
	    <Event id="1506375" name="Power A " kind="Expo" location="610" description="exhibitor" datetime="Friday 4/11/2014 10:00 am" end="Sunday 4/13/2014 5:00 PM" />
	  
	    <Event id="1506376" name="Press Play " kind="Expo" location="1151" description="exhibitor" datetime="Friday 4/11/2014 10:00 am" end="Sunday 4/13/2014 5:00 PM" />
	  
	    <Event id="1506377" name="Privateer Press " kind="Expo" location="287" description="exhibitor" datetime="Friday 4/11/2014 10:00 am" end="Sunday 4/13/2014 5:00 PM" />
	  
	    <Event id="1506378" name="Proletariat " kind="Expo" location="575" description="exhibitor" datetime="Friday 4/11/2014 10:00 am" end="Sunday 4/13/2014 5:00 PM" />
	  
	    <Event id="1506379" name="Ragequit " kind="Expo" location="882" description="exhibitor" datetime="Friday 4/11/2014 10:00 am" end="Sunday 4/13/2014 5:00 PM" />
	  
	    <Event id="1506380" name="Red Hook Studios " kind="Expo" location="589" description="exhibitor" datetime="Friday 4/11/2014 10:00 am" end="Sunday 4/13/2014 5:00 PM" />
	  
	    <Event id="1506381" name="Reentry Games " kind="Expo" location="1037" description="exhibitor" datetime="Friday 4/11/2014 10:00 am" end="Sunday 4/13/2014 5:00 PM" />
	  
	    <Event id="1506382" name="Refract Studios " kind="Expo" location="880" description="exhibitor" datetime="Friday 4/11/2014 10:00 am" end="Sunday 4/13/2014 5:00 PM" />
	  
	    <Event id="1506383" name="Renegade Kid " kind="Expo" location="120" description="exhibitor" datetime="Friday 4/11/2014 10:00 am" end="Sunday 4/13/2014 5:00 PM" />
	  
	    <Event id="1506384" name="Replay&#39;d " kind="Expo" location="1187" description="exhibitor" datetime="Friday 4/11/2014 10:00 am" end="Sunday 4/13/2014 5:00 PM" />
	  
	    <Event id="1506385" name="Reverb Communications " kind="Expo" location="980" description="exhibitor" datetime="Friday 4/11/2014 10:00 am" end="Sunday 4/13/2014 5:00 PM" />
	  
	    <Event id="1506386" name="Revolution 60 " kind="Expo" location="1162" description="exhibitor" datetime="Friday 4/11/2014 10:00 am" end="Sunday 4/13/2014 5:00 PM" />
	  
	    <Event id="1506387" name="Riot Games " kind="Expo" location="424" description="exhibitor" datetime="Friday 4/11/2014 10:00 am" end="Sunday 4/13/2014 5:00 PM" />
	  
	    <Event id="1506388" name="Risen Phoenix Studios " kind="Expo" location="1083" description="exhibitor" datetime="Friday 4/11/2014 10:00 am" end="Sunday 4/13/2014 5:00 PM" />
	  
	    <Event id="1506389" name="Robit Studios " kind="Expo" location="1059" description="exhibitor" datetime="Friday 4/11/2014 10:00 am" end="Sunday 4/13/2014 5:00 PM" />
	  
	    <Event id="1506390" name="Robot Entertainment " kind="Expo" location="1124" description="exhibitor" datetime="Friday 4/11/2014 10:00 am" end="Sunday 4/13/2014 5:00 PM" />
	  
	    <Event id="1506391" name="Rocket 5 Studios " kind="Expo" location="577" description="exhibitor" datetime="Friday 4/11/2014 10:00 am" end="Sunday 4/13/2014 5:00 PM" />
	  
	    <Event id="1506392" name="Ronimo Games " kind="Expo" location="687" description="exhibitor" datetime="Friday 4/11/2014 10:00 am" end="Sunday 4/13/2014 5:00 PM" />
	  
	    <Event id="1506393" name="Rooster Teeth " kind="Expo" location="342" description="exhibitor" datetime="Friday 4/11/2014 10:00 am" end="Sunday 4/13/2014 5:00 PM" />
	  
	    <Event id="1506394" name="RunJumpDev " kind="Expo" location="796" description="exhibitor" datetime="Friday 4/11/2014 10:00 am" end="Sunday 4/13/2014 5:00 PM" />
	  
	    <Event id="1506395" name="Sanshee " kind="Expo" location="1066" description="exhibitor" datetime="Friday 4/11/2014 10:00 am" end="Sunday 4/13/2014 5:00 PM" />
	  
	    <Event id="1506396" name="Sauropod Studio " kind="Expo" location="246" description="exhibitor" datetime="Friday 4/11/2014 10:00 am" end="Sunday 4/13/2014 5:00 PM" />
	  
	    <Event id="1506397" name="Schell Games " kind="Expo" location="1139" description="exhibitor" datetime="Friday 4/11/2014 10:00 am" end="Sunday 4/13/2014 5:00 PM" />
	  
	    <Event id="1506398" name="Scry Interactive " kind="Expo" location="1196" description="exhibitor" datetime="Friday 4/11/2014 10:00 am" end="Sunday 4/13/2014 5:00 PM" />
	  
	    <Event id="1506399" name="Sennheiser " kind="Expo" location="1062" description="exhibitor" datetime="Friday 4/11/2014 10:00 am" end="Sunday 4/13/2014 5:00 PM" />
	  
	    <Event id="1506400" name="Skull Candy " kind="Expo" location="616" description="exhibitor" datetime="Friday 4/11/2014 10:00 am" end="Sunday 4/13/2014 5:00 PM" />
	  
	    <Event id="1506401" name="Skull Skill Studios " kind="Expo" location="981" description="exhibitor" datetime="Friday 4/11/2014 10:00 am" end="Sunday 4/13/2014 5:00 PM" />
	  
	    <Event id="1506402" name="Skunkwerks " kind="Expo" location="1138" description="exhibitor" datetime="Friday 4/11/2014 10:00 am" end="Sunday 4/13/2014 5:00 PM" />
	  
	    <Event id="1506403" name="Skylance Studio " kind="Expo" location="190" description="exhibitor" datetime="Friday 4/11/2014 10:00 am" end="Sunday 4/13/2014 5:00 PM" />
	  
	    <Event id="1506404" name="Snowrunner Productions " kind="Expo" location="1040" description="exhibitor" datetime="Friday 4/11/2014 10:00 am" end="Sunday 4/13/2014 5:00 PM" />
	  
	    <Event id="1506405" name="Square Enix " kind="Expo" location="548" description="exhibitor" datetime="Friday 4/11/2014 10:00 am" end="Sunday 4/13/2014 5:00 PM" />
	  
	    <Event id="1506406" name="Stone Blade " kind="Expo" location="480" description="exhibitor" datetime="Friday 4/11/2014 10:00 am" end="Sunday 4/13/2014 5:00 PM" />
	  
	    <Event id="1506407" name="Sudden Impact " kind="Expo" location="146" description="exhibitor" datetime="Friday 4/11/2014 10:00 am" end="Sunday 4/13/2014 5:00 PM" />
	  
	    <Event id="1506408" name="Supergiant Games " kind="Expo" location="892" description="exhibitor" datetime="Friday 4/11/2014 10:00 am" end="Sunday 4/13/2014 5:00 PM" />
	  
	    <Event id="1506409" name="SWD Tech Games " kind="Expo" location="1179" description="exhibitor" datetime="Friday 4/11/2014 10:00 am" end="Sunday 4/13/2014 5:00 PM" />
	  
	    <Event id="1506410" name="Switchblade Monkeys " kind="Expo" location="782" description="exhibitor" datetime="Friday 4/11/2014 10:00 am" end="Sunday 4/13/2014 5:00 PM" />
	  
	    <Event id="1506411" name="TableTop Arena " kind="Expo" location="124" description="exhibitor" datetime="Friday 4/11/2014 10:00 am" end="Sunday 4/13/2014 5:00 PM" />
	  
	    <Event id="1506412" name="Team Aurora " kind="Expo" location="1142" description="exhibitor" datetime="Friday 4/11/2014 10:00 am" end="Sunday 4/13/2014 5:00 PM" />
	  
	    <Event id="1506413" name="Team Colorblind " kind="Expo" location="677" description="exhibitor" datetime="Friday 4/11/2014 10:00 am" end="Sunday 4/13/2014 5:00 PM" />
	  
	    <Event id="1506414" name="Team Meat " kind="Expo" location="606" description="exhibitor" datetime="Friday 4/11/2014 10:00 am" end="Sunday 4/13/2014 5:00 PM" />
	  
	    <Event id="1506415" name="Telltale Games " kind="Expo" location="1092" description="exhibitor" datetime="Friday 4/11/2014 10:00 am" end="Sunday 4/13/2014 5:00 PM" />
	  
	    <Event id="1506416" name="Tenwall Creatives " kind="Expo" location="698" description="exhibitor" datetime="Friday 4/11/2014 10:00 am" end="Sunday 4/13/2014 5:00 PM" />
	  
	    <Event id="1506417" name="Terrible Posture " kind="Expo" location="781" description="exhibitor" datetime="Friday 4/11/2014 10:00 am" end="Sunday 4/13/2014 5:00 PM" />
	  
	    <Event id="1506418" name="That&#39;s Entertainment " kind="Expo" location="168" description="exhibitor" datetime="Friday 4/11/2014 10:00 am" end="Sunday 4/13/2014 5:00 PM" />
	  
	    <Event id="1506419" name="The Behemoth " kind="Expo" location="512" description="exhibitor" datetime="Friday 4/11/2014 10:00 am" end="Sunday 4/13/2014 5:00 PM" />
	  
	    <Event id="1506420" name="The Domaginarium " kind="Expo" location="1019" description="exhibitor" datetime="Friday 4/11/2014 10:00 am" end="Sunday 4/13/2014 5:00 PM" />
	  
	    <Event id="1506421" name="Thefty Jack " kind="Expo" location="1136" description="exhibitor" datetime="Friday 4/11/2014 10:00 am" end="Sunday 4/13/2014 5:00 PM" />
	  
	    <Event id="1506422" name="Think Geek " kind="Expo" location="386" description="exhibitor" datetime="Friday 4/11/2014 10:00 am" end="Sunday 4/13/2014 5:00 PM" />
	  
	    <Event id="1506423" name="Thoughtshelter Games " kind="Expo" location="1186" description="exhibitor" datetime="Friday 4/11/2014 10:00 am" end="Sunday 4/13/2014 5:00 PM" />
	  
	    <Event id="1506424" name="Tiger Style " kind="Expo" location="671" description="exhibitor" datetime="Friday 4/11/2014 10:00 am" end="Sunday 4/13/2014 5:00 PM" />
	  
	    <Event id="1506425" name="Tin Man Games " kind="Expo" location="684" description="exhibitor" datetime="Friday 4/11/2014 10:00 am" end="Sunday 4/13/2014 5:00 PM" />
	  
	    <Event id="1506426" name="tinyBuild " kind="Expo" location="656" description="exhibitor" datetime="Friday 4/11/2014 10:00 am" end="Sunday 4/13/2014 5:00 PM" />
	  
	    <Event id="1506427" name="TinyMob Games " kind="Expo" location="1192" description="exhibitor" datetime="Friday 4/11/2014 10:00 am" end="Sunday 4/13/2014 5:00 PM" />
	  
	    <Event id="1506428" name="Trendy Entertainment " kind="Expo" location="224" description="exhibitor" datetime="Friday 4/11/2014 10:00 am" end="Sunday 4/13/2014 5:00 PM" />
	  
	    <Event id="1506429" name="Tribute Games " kind="Expo" location="799" description="exhibitor" datetime="Friday 4/11/2014 10:00 am" end="Sunday 4/13/2014 5:00 PM" />
	  
	    <Event id="1506430" name="Troll &amp; Toad " kind="Expo" location="272" description="exhibitor" datetime="Friday 4/11/2014 10:00 am" end="Sunday 4/13/2014 5:00 PM" />
	  
	    <Event id="1506431" name="Turbine " kind="Expo" location="536" description="exhibitor" datetime="Friday 4/11/2014 10:00 am" end="Sunday 4/13/2014 5:00 PM" />
	  
	    <Event id="1506432" name="Turbine Inc " kind="Expo" location="636" description="exhibitor" datetime="Friday 4/11/2014 10:00 am" end="Sunday 4/13/2014 5:00 PM" />
	  
	    <Event id="1506433" name="Turtle Beach " kind="Expo" location="862" description="exhibitor" datetime="Friday 4/11/2014 10:00 am" end="Sunday 4/13/2014 5:00 PM" />
	  
	    <Event id="1506434" name="Twitch " kind="Expo" location="936" description="exhibitor" datetime="Friday 4/11/2014 10:00 am" end="Sunday 4/13/2014 5:00 PM" />
	  
	    <Event id="1506435" name="Uber Entertainment " kind="Expo" location="696" description="exhibitor" datetime="Friday 4/11/2014 10:00 am" end="Sunday 4/13/2014 5:00 PM" />
	  
	    <Event id="1506436" name="Ubisoft Entertainment " kind="Expo" location="824, 836" description="exhibitor" datetime="Friday 4/11/2014 10:00 am" end="Sunday 4/13/2014 5:00 PM" />
	  
	    <Event id="1506437" name="UCC Distributing " kind="Expo" location="164" description="exhibitor" datetime="Friday 4/11/2014 10:00 am" end="Sunday 4/13/2014 5:00 PM" />
	  
	    <Event id="1506438" name="UDON Entertainment " kind="Expo" location="1197" description="exhibitor" datetime="Friday 4/11/2014 10:00 am" end="Sunday 4/13/2014 5:00 PM" />
	  
	    <Event id="1506439" name="Undead Labs " kind="Expo" location="1039" description="exhibitor" datetime="Friday 4/11/2014 10:00 am" end="Sunday 4/13/2014 5:00 PM" />
	  
	    <Event id="1506440" name="Unknown Worlds " kind="Expo" location="486" description="exhibitor" datetime="Friday 4/11/2014 10:00 am" end="Sunday 4/13/2014 5:00 PM" />
	  
	    <Event id="1506441" name="Unreal Engine " kind="Expo" location="1147" description="exhibitor" datetime="Friday 4/11/2014 10:00 am" end="Sunday 4/13/2014 5:00 PM" />
	  
	    <Event id="1506442" name="Untame " kind="Expo" location="886" description="exhibitor" datetime="Friday 4/11/2014 10:00 am" end="Sunday 4/13/2014 5:00 PM" />
	  
	    <Event id="1506443" name="Unveil NYC " kind="Expo" location="1111" description="exhibitor" datetime="Friday 4/11/2014 10:00 am" end="Sunday 4/13/2014 5:00 PM" />
	  
	    <Event id="1506444" name="Utilikilts " kind="Expo" location="158" description="exhibitor" datetime="Friday 4/11/2014 10:00 am" end="Sunday 4/13/2014 5:00 PM" />
	  
	    <Event id="1506445" name="Vagabond Dog " kind="Expo" location="787" description="exhibitor" datetime="Friday 4/11/2014 10:00 am" end="Sunday 4/13/2014 5:00 PM" />
	  
	    <Event id="1506446" name="VIDEOGAMESNEWYORK " kind="Expo" location="1130" description="exhibitor" datetime="Friday 4/11/2014 10:00 am" end="Sunday 4/13/2014 5:00 PM" />
	  
	    <Event id="1506447" name="Virtuix " kind="Expo" location="116" description="exhibitor" datetime="Friday 4/11/2014 10:00 am" end="Sunday 4/13/2014 5:00 PM" />
	  
	    <Event id="1506448" name="Vivid Games " kind="Expo" location="1036" description="exhibitor" datetime="Friday 4/11/2014 10:00 am" end="Sunday 4/13/2014 5:00 PM" />
	  
	    <Event id="1506449" name="Vlambeer " kind="Expo" location="780" description="exhibitor" datetime="Friday 4/11/2014 10:00 am" end="Sunday 4/13/2014 5:00 PM" />
	  
	    <Event id="1506450" name="Wacom " kind="Expo" location="1118" description="exhibitor" datetime="Friday 4/11/2014 10:00 am" end="Sunday 4/13/2014 5:00 PM" />
	  
	    <Event id="1506451" name="WeLoveFine.com " kind="Expo" location="898" description="exhibitor" datetime="Friday 4/11/2014 10:00 am" end="Sunday 4/13/2014 5:00 PM" />
	  
	    <Event id="1506452" name="Will O&#39;Neill " kind="Expo" location="587" description="exhibitor" datetime="Friday 4/11/2014 10:00 am" end="Sunday 4/13/2014 5:00 PM" />
	  
	    <Event id="1506453" name="Wither Studios " kind="Expo" location="1049" description="exhibitor" datetime="Friday 4/11/2014 10:00 am" end="Sunday 4/13/2014 5:00 PM" />
	  
	    <Event id="1506454" name="Wizards Of The Coast " kind="Expo" location="462" description="exhibitor" datetime="Friday 4/11/2014 10:00 am" end="Sunday 4/13/2014 5:00 PM" />
	  
	    <Event id="1506455" name="WPI " kind="Expo" location="599" description="exhibitor" datetime="Friday 4/11/2014 10:00 am" end="Sunday 4/13/2014 5:00 PM" />
	  
	    <Event id="1506456" name="Xaviant " kind="Expo" location="814" description="exhibitor" datetime="Friday 4/11/2014 10:00 am" end="Sunday 4/13/2014 5:00 PM" />
	  
	    <Event id="1506457" name="Xotic PC " kind="Expo" location="1099" description="exhibitor" datetime="Friday 4/11/2014 10:00 am" end="Sunday 4/13/2014 5:00 PM" />
	  
	    <Event id="1506458" name="Yacht Club Games " kind="Expo" location="997" description="exhibitor" datetime="Friday 4/11/2014 10:00 am" end="Sunday 4/13/2014 5:00 PM" />
	  
	    <Event id="1506459" name="Young Horses " kind="Expo" location="681" description="exhibitor" datetime="Friday 4/11/2014 10:00 am" end="Sunday 4/13/2014 5:00 PM" />
	  
	    <Event id="1506460" name="Zafty " kind="Expo" location="495" description="exhibitor" datetime="Friday 4/11/2014 10:00 am" end="Sunday 4/13/2014 5:00 PM" />
	</Schedule>
</xml>