<xml version="1.0">
  <!--Generated by hand 2015-10-1-->
  <Schedule>
    <Event name="Tin Man Games" datetime="Friday 10/30/2015 10:00 am" end="Sunday 11/01/2015 06:00 pm" kind="Expo" location="Expo Hall" description="" />
    <Event name="Phantasmal" datetime="Friday 10/30/2015 10:00 am" end="Sunday 11/01/2015 06:00 pm" kind="Expo" location="Expo Hall" description="" />
    <Event name="Warden: Melody of the Undergrowth" datetime="Friday 10/30/2015 10:00 am" end="Sunday 11/01/2015 06:00 pm" kind="Expo" location="Expo Hall" description="" />
    <Event name="Frogshark - SWORDY" datetime="Friday 10/30/2015 10:00 am" end="Sunday 11/01/2015 06:00 pm" kind="Expo" location="Expo Hall" description="" />
    <Event name="Inflatality" datetime="Friday 10/30/2015 10:00 am" end="Sunday 11/01/2015 06:00 pm" kind="Expo" location="Expo Hall" description="" />
    <Event name="Three Phase Interactive" datetime="Friday 10/30/2015 10:00 am" end="Sunday 11/01/2015 06:00 pm" kind="Expo" location="Expo Hall" description="" />
    <Event name="Considerable Content" datetime="Friday 10/30/2015 10:00 am" end="Sunday 11/01/2015 06:00 pm" kind="Expo" location="Expo Hall" description="" />
    <Event name="Merchants &amp; Mercenaries" datetime="Friday 10/30/2015 10:00 am" end="Sunday 11/01/2015 06:00 pm" kind="Expo" location="Expo Hall" description="" />
    <Event name="BEARZERKERS" datetime="Friday 10/30/2015 10:00 am" end="Sunday 11/01/2015 06:00 pm" kind="Expo" location="Expo Hall" description="" />
    <Event name="League of Monkeys" datetime="Friday 10/30/2015 10:00 am" end="Sunday 11/01/2015 06:00 pm" kind="Expo" location="Expo Hall" description="" />
    <Event name="Kumobius" datetime="Friday 10/30/2015 10:00 am" end="Sunday 11/01/2015 06:00 pm" kind="Expo" location="Expo Hall" description="" />
    <Event name="Dungeon League" datetime="Friday 10/30/2015 10:00 am" end="Sunday 11/01/2015 06:00 pm" kind="Expo" location="Expo Hall" description="" />
    <Event name="Blunt Instrument" datetime="Friday 10/30/2015 10:00 am" end="Sunday 11/01/2015 06:00 pm" kind="Expo" location="Expo Hall" description="" />
    <Event name="Loveshack Entertainment" datetime="Friday 10/30/2015 10:00 am" end="Sunday 11/01/2015 06:00 pm" kind="Expo" location="Expo Hall" description="" />
    <Event name="Hammerspace Games" datetime="Friday 10/30/2015 10:00 am" end="Sunday 11/01/2015 06:00 pm" kind="Expo" location="Expo Hall" description="" />
    <Event name="Witch House" datetime="Friday 10/30/2015 10:00 am" end="Sunday 11/01/2015 06:00 pm" kind="Expo" location="Expo Hall" description="" />
    <Event name="Dime Studios" datetime="Friday 10/30/2015 10:00 am" end="Sunday 11/01/2015 06:00 pm" kind="Expo" location="Expo Hall" description="" />
    <Event name="Samurai Punk" datetime="Friday 10/30/2015 10:00 am" end="Sunday 11/01/2015 06:00 pm" kind="Expo" location="Expo Hall" description="" />
    <Event name="Build A.R.V.I" datetime="Friday 10/30/2015 10:00 am" end="Sunday 11/01/2015 06:00 pm" kind="Expo" location="Expo Hall" description="" />
    <Event name="Assault Android Cactus" datetime="Friday 10/30/2015 10:00 am" end="Sunday 11/01/2015 06:00 pm" kind="Expo" location="Expo Hall" description="" />
    <Event name="RnD Labs" datetime="Friday 10/30/2015 10:00 am" end="Sunday 11/01/2015 06:00 pm" kind="Expo" location="Expo Hall" description="" />
    <Event name="2 Hit Studio" datetime="Friday 10/30/2015 10:00 am" end="Sunday 11/01/2015 06:00 pm" kind="Expo" location="Expo Hall" description="" />
    <Event name="Giant Margarita" datetime="Friday 10/30/2015 10:00 am" end="Sunday 11/01/2015 06:00 pm" kind="Expo" location="Expo Hall" description="" />
    <Event name="Studio Canvas" datetime="Friday 10/30/2015 10:00 am" end="Sunday 11/01/2015 06:00 pm" kind="Expo" location="Expo Hall" description="" />
    <Event name="Crawl" datetime="Friday 10/30/2015 10:00 am" end="Sunday 11/01/2015 06:00 pm" kind="Expo" location="Expo Hall" description="" />
    <Event name="Kieru" datetime="Friday 10/30/2015 10:00 am" end="Sunday 11/01/2015 06:00 pm" kind="Expo" location="Expo Hall" description="" />
    <Event name="Space Dust Racers" datetime="Friday 10/30/2015 10:00 am" end="Sunday 11/01/2015 06:00 pm" kind="Expo" location="Expo Hall" description="" />
    <Event name="Dragon&#39;s Wake" datetime="Friday 10/30/2015 10:00 am" end="Sunday 11/01/2015 06:00 pm" kind="Expo" location="Expo Hall" description="" />
    <Event name="Element" datetime="Friday 10/30/2015 10:00 am" end="Sunday 11/01/2015 06:00 pm" kind="Expo" location="Expo Hall" description="" />
    <Event name="ORBITOR" datetime="Friday 10/30/2015 10:00 am" end="Sunday 11/01/2015 06:00 pm" kind="Expo" location="Expo Hall" description="" />
    <Event name="Evergreen" datetime="Friday 10/30/2015 10:00 am" end="Sunday 11/01/2015 06:00 pm" kind="Expo" location="Expo Hall" description="" />
    <Event name="Neon Rain" datetime="Friday 10/30/2015 10:00 am" end="Sunday 11/01/2015 06:00 pm" kind="Expo" location="Expo Hall" description="" />
    <Event name="Blue Volcano" datetime="Friday 10/30/2015 10:00 am" end="Sunday 11/01/2015 06:00 pm" kind="Expo" location="Expo Hall" description="" />
    <Event name="The Incredible Journey of You and I" datetime="Friday 10/30/2015 10:00 am" end="Sunday 11/01/2015 06:00 pm" kind="Expo" location="Expo Hall" description="" />
    <Event name="Hive: Not By Design (C117 Games)" datetime="Friday 10/30/2015 10:00 am" end="Sunday 11/01/2015 06:00 pm" kind="Expo" location="Expo Hall" description="" />
    <Event name="Poly Bridge" datetime="Friday 10/30/2015 10:00 am" end="Sunday 11/01/2015 06:00 pm" kind="Expo" location="Expo Hall" description="" />
    <Event name="Lightning Rock" datetime="Friday 10/30/2015 10:00 am" end="Sunday 11/01/2015 06:00 pm" kind="Expo" location="Expo Hall" description="" />
    <Event name="SMG Studio" datetime="Friday 10/30/2015 10:00 am" end="Sunday 11/01/2015 06:00 pm" kind="Expo" location="Expo Hall" description="" />
    <Event name="Ironworks Games" datetime="Friday 10/30/2015 10:00 am" end="Sunday 11/01/2015 06:00 pm" kind="Expo" location="Expo Hall" description="" />
    <Event name="Cloud Kingdom" datetime="Friday 10/30/2015 10:00 am" end="Sunday 11/01/2015 06:00 pm" kind="Expo" location="Expo Hall" description="" />
    <Event name="Shapeway" datetime="Friday 10/30/2015 10:00 am" end="Sunday 11/01/2015 06:00 pm" kind="Expo" location="Expo Hall" description="" />
    <Event name="Bandit-1" datetime="Friday 10/30/2015 10:00 am" end="Sunday 11/01/2015 06:00 pm" kind="Expo" location="Expo Hall" description="" />
    <Event name="EarthWork Games" datetime="Friday 10/30/2015 10:00 am" end="Sunday 11/01/2015 06:00 pm" kind="Expo" location="Expo Hall" description="" />
    <Event name="Flat Earth Games" datetime="Friday 10/30/2015 10:00 am" end="Sunday 11/01/2015 06:00 pm" kind="Expo" location="Expo Hall" description="" />
    <Event name="Postbug" datetime="Friday 10/30/2015 10:00 am" end="Sunday 11/01/2015 06:00 pm" kind="Expo" location="Expo Hall" description="" />
    <Event name="Tahira: Echoes of the Astral Empire" datetime="Friday 10/30/2015 10:00 am" end="Sunday 11/01/2015 06:00 pm" kind="Expo" location="Expo Hall" description="" />
    <Event name="My64K" datetime="Friday 10/30/2015 10:00 am" end="Sunday 11/01/2015 06:00 pm" kind="Expo" location="Expo Hall" description="" />
    <Event name="SwinGamers" datetime="Friday 10/30/2015 10:00 am" end="Sunday 11/01/2015 06:00 pm" kind="Expo" location="Expo Hall" description="" />
    <Event name="The Los Angeles Film School" datetime="Friday 10/30/2015 10:00 am" end="Sunday 11/01/2015 06:00 pm" kind="Expo" location="Expo Hall" description="" />
    <Event name="Button Mash" datetime="Friday 10/30/2015 10:00 am" end="Sunday 11/01/2015 06:00 pm" kind="Expo" location="Expo Hall" description="" />
    <Event name="CG Spectrum College of Digital Arts &amp; Animation" datetime="Friday 10/30/2015 10:00 am" end="Sunday 11/01/2015 06:00 pm" kind="Expo" location="Expo Hall" description="" />
    <Event name="Deakin Motion.Lab" datetime="Friday 10/30/2015 10:00 am" end="Sunday 11/01/2015 06:00 pm" kind="Expo" location="Expo Hall" description="" />
    <Event name="Firemonkeys (EA)" datetime="Friday 10/30/2015 10:00 am" end="Sunday 11/01/2015 06:00 pm" kind="Expo" location="Expo Hall" description="" />
    <Event name="Evocca College" datetime="Friday 10/30/2015 10:00 am" end="Sunday 11/01/2015 06:00 pm" kind="Expo" location="Expo Hall" description="" />
    <Event name="XBOX" datetime="Friday 10/30/2015 10:00 am" end="Sunday 11/01/2015 06:00 pm" kind="Expo" location="Expo Hall" description="" />
    <Event name="Twitch" datetime="Friday 10/30/2015 10:00 am" end="Sunday 11/01/2015 06:00 pm" kind="Expo" location="Expo Hall" description="" />
    <Event name="Sennheiser " datetime="Friday 10/30/2015 10:00 am" end="Sunday 11/01/2015 06:00 pm" kind="Expo" location="Expo Hall" description="" />
    <Event name="HANABEE" datetime="Friday 10/30/2015 10:00 am" end="Sunday 11/01/2015 06:00 pm" kind="Expo" location="Expo Hall" description="" />
    <Event name="Room Number One" datetime="Friday 10/30/2015 10:00 am" end="Sunday 11/01/2015 06:00 pm" kind="Expo" location="Expo Hall" description="" />
    <Event name="KINGS COMICS" datetime="Friday 10/30/2015 10:00 am" end="Sunday 11/01/2015 06:00 pm" kind="Expo" location="Expo Hall" description="" />
    <Event name="Steelseries ApS" datetime="Friday 10/30/2015 10:00 am" end="Sunday 11/01/2015 06:00 pm" kind="Expo" location="Expo Hall" description="" />
    <Event name="Bethesda" datetime="Friday 10/30/2015 10:00 am" end="Sunday 11/01/2015 06:00 pm" kind="Expo" location="Expo Hall" description="" />
    <Event name="PlayStation" datetime="Friday 10/30/2015 10:00 am" end="Sunday 11/01/2015 06:00 pm" kind="Expo" location="Expo Hall" description="" />
    <Event name="Total War: Warhammer" datetime="Friday 10/30/2015 10:00 am" end="Sunday 11/01/2015 06:00 pm" kind="Expo" location="Expo Hall" description="" />
    <Event name="Kingston HyperX" datetime="Friday 10/30/2015 10:00 am" end="Sunday 11/01/2015 06:00 pm" kind="Expo" location="Expo Hall" description="" />
    <Event name="ASTRO Gaming / GAEMS" datetime="Friday 10/30/2015 10:00 am" end="Sunday 11/01/2015 06:00 pm" kind="Expo" location="Expo Hall" description="" />
    <Event name="JMC Academy" datetime="Friday 10/30/2015 10:00 am" end="Sunday 11/01/2015 06:00 pm" kind="Expo" location="Expo Hall" description="" />
    <Event name="Origin PC" datetime="Friday 10/30/2015 10:00 am" end="Sunday 11/01/2015 06:00 pm" kind="Expo" location="Expo Hall" description="" />
    <Event name="Halfbrick" datetime="Friday 10/30/2015 10:00 am" end="Sunday 11/01/2015 06:00 pm" kind="Expo" location="Expo Hall" description="" />
    <Event name="St Leonards NSI Games" datetime="Friday 10/30/2015 10:00 am" end="Sunday 11/01/2015 06:00 pm" kind="Expo" location="Expo Hall" description="" />
    <Event name="Nintendo" datetime="Friday 10/30/2015 10:00 am" end="Sunday 11/01/2015 06:00 pm" kind="Expo" location="Expo Hall" description="" />
    <Event name="MSI Australia" datetime="Friday 10/30/2015 10:00 am" end="Sunday 11/01/2015 06:00 pm" kind="Expo" location="Expo Hall" description="" />
    <Event name="Harvey Norman" datetime="Friday 10/30/2015 10:00 am" end="Sunday 11/01/2015 06:00 pm" kind="Expo" location="Expo Hall" description="" />
    <Event name="Ubisoft" datetime="Friday 10/30/2015 10:00 am" end="Sunday 11/01/2015 06:00 pm" kind="Expo" location="Expo Hall" description="" />
    <Event name="Logitech" datetime="Friday 10/30/2015 10:00 am" end="Sunday 11/01/2015 06:00 pm" kind="Expo" location="Expo Hall" description="" />
    <Event name="Cougar / Compuworld" datetime="Friday 10/30/2015 10:00 am" end="Sunday 11/01/2015 06:00 pm" kind="Expo" location="Expo Hall" description="" />
    <Event name="Shenzhen Pavilion" datetime="Friday 10/30/2015 10:00 am" end="Sunday 11/01/2015 06:00 pm" kind="Expo" location="Expo Hall" description="" />
    <Event name="Gems Of War" datetime="Friday 10/30/2015 10:00 am" end="Sunday 11/01/2015 06:00 pm" kind="Expo" location="Expo Hall" description="" />
    <Event name="Good Game Productions" datetime="Friday 10/30/2015 10:00 am" end="Sunday 11/01/2015 06:00 pm" kind="Expo" location="Expo Hall" description="" />
    <Event name="AIE Incubator Pty Limited" datetime="Friday 10/30/2015 10:00 am" end="Sunday 11/01/2015 06:00 pm" kind="Expo" location="Expo Hall" description="" />
    <Event name="Mwave.com.au" datetime="Friday 10/30/2015 10:00 am" end="Sunday 11/01/2015 06:00 pm" kind="Expo" location="Expo Hall" description="" />
    <Event name="Sanshee" datetime="Friday 10/30/2015 10:00 am" end="Sunday 11/01/2015 06:00 pm" kind="Expo" location="Expo Hall" description="" />
    <Event name="Sweaty Chair" datetime="Friday 10/30/2015 10:00 am" end="Sunday 11/01/2015 06:00 pm" kind="Expo" location="Expo Hall" description="" />
    <Event name="2K" datetime="Friday 10/30/2015 10:00 am" end="Sunday 11/01/2015 06:00 pm" kind="Expo" location="Expo Hall" description="" />
    <Event name="Madman Entertainment" datetime="Friday 10/30/2015 10:00 am" end="Sunday 11/01/2015 06:00 pm" kind="Expo" location="Expo Hall" description="" />
    <Event name="In Win Development" datetime="Friday 10/30/2015 10:00 am" end="Sunday 11/01/2015 06:00 pm" kind="Expo" location="Expo Hall" description="" />
    <Event name="Toynk Downunder" datetime="Friday 10/30/2015 10:00 am" end="Sunday 11/01/2015 06:00 pm" kind="Expo" location="Expo Hall" description="" />
    <Event name="Poppin Popcorn" datetime="Friday 10/30/2015 10:00 am" end="Sunday 11/01/2015 06:00 pm" kind="Expo" location="Expo Hall" description="" />
    <Event name="Academy of Interactive Entertainment" datetime="Friday 10/30/2015 10:00 am" end="Sunday 11/01/2015 06:00 pm" kind="Expo" location="Expo Hall" description="" />
    <Event name="ASUS Australia" datetime="Friday 10/30/2015 10:00 am" end="Sunday 11/01/2015 06:00 pm" kind="Expo" location="Expo Hall" description="" />
    <Event name="Alienware" datetime="Friday 10/30/2015 10:00 am" end="Sunday 11/01/2015 06:00 pm" kind="Expo" location="Expo Hall" description="" />
    <Event name="Western Digital " datetime="Friday 10/30/2015 10:00 am" end="Sunday 11/01/2015 06:00 pm" kind="Expo" location="Expo Hall" description="" />
    <Event name="Swinburne University of Technology" datetime="Friday 10/30/2015 10:00 am" end="Sunday 11/01/2015 06:00 pm" kind="Expo" location="Expo Hall" description="" />
    <Event name="Greater Than Games LLC" datetime="Friday 10/30/2015 10:00 am" end="Sunday 11/01/2015 06:00 pm" kind="Expo" location="Expo Hall" description="" />
    <Event name="PLE Computers" datetime="Friday 10/30/2015 10:00 am" end="Sunday 11/01/2015 06:00 pm" kind="Expo" location="Expo Hall" description="" />
    <Event name="University of the Sunshine Coast" datetime="Friday 10/30/2015 10:00 am" end="Sunday 11/01/2015 06:00 pm" kind="Expo" location="Expo Hall" description="" />
    <Event name="Cooler Master" datetime="Friday 10/30/2015 10:00 am" end="Sunday 11/01/2015 06:00 pm" kind="Expo" location="Expo Hall" description="" />
    <Event name="Crypto Collider" datetime="Friday 10/30/2015 10:00 am" end="Sunday 11/01/2015 06:00 pm" kind="Expo" location="Expo Hall" description="" />
    <Event name="Australian STEM Video Game Challenge" datetime="Friday 10/30/2015 10:00 am" end="Sunday 11/01/2015 06:00 pm" kind="Expo" location="Expo Hall" description="" />
    <Event name="Bandai Namco Entertainment" datetime="Friday 10/30/2015 10:00 am" end="Sunday 11/01/2015 06:00 pm" kind="Expo" location="Expo Hall" description="" />
    <Event name="Netease Games" datetime="Friday 10/30/2015 10:00 am" end="Sunday 11/01/2015 06:00 pm" kind="Expo" location="Expo Hall" description="" />
    <Event name="Wargaming Asia Pte. Ltd" datetime="Friday 10/30/2015 10:00 am" end="Sunday 11/01/2015 06:00 pm" kind="Expo" location="Expo Hall" description="" />
    <Event name="MSY" datetime="Friday 10/30/2015 10:00 am" end="Sunday 11/01/2015 06:00 pm" kind="Expo" location="Expo Hall" description="" />
    <Event name="Lupinball (Craftven)" datetime="Friday 10/30/2015 10:00 am" end="Sunday 11/01/2015 06:00 pm" kind="Expo" location="Expo Hall" description="" />
    <Event name="Armed with Wings Rearmed" datetime="Friday 10/30/2015 10:00 am" end="Sunday 11/01/2015 06:00 pm" kind="Expo" location="Expo Hall" description="" />
    <Event name="Agent A: A puzzle in disguise" datetime="Friday 10/30/2015 10:00 am" end="Sunday 11/01/2015 06:00 pm" kind="Expo" location="Expo Hall" description="" />
    <Event name="DEATH SQUARED" datetime="Friday 10/30/2015 10:00 am" end="Sunday 11/01/2015 06:00 pm" kind="Expo" location="Expo Hall" description="" />
    <Event name="Hacknet" datetime="Friday 10/30/2015 10:00 am" end="Sunday 11/01/2015 06:00 pm" kind="Expo" location="Expo Hall" description="" />
    <Event name="Hollow Knight (Team Cherry)" datetime="Friday 10/30/2015 10:00 am" end="Sunday 11/01/2015 06:00 pm" kind="Expo" location="Expo Hall" description="" />
    <Event name="Game Salute" datetime="Friday 10/30/2015 10:00 am" end="Sunday 11/01/2015 06:00 pm" kind="Expo" location="Expo Hall" description="" />
    <Event name="Games Laboratory" datetime="Friday 10/30/2015 10:00 am" end="Sunday 11/01/2015 06:00 pm" kind="Expo" location="Expo Hall" description="" />
    <Event name="Ozanimart" datetime="Friday 10/30/2015 10:00 am" end="Sunday 11/01/2015 06:00 pm" kind="Expo" location="Expo Hall" description="" />
    <Event name="Infectonator : Survivors" datetime="Friday 10/30/2015 10:00 am" end="Sunday 11/01/2015 06:00 pm" kind="Expo" location="Expo Hall" description="" />
    <Event name="Mushroom 11" datetime="Friday 10/30/2015 10:00 am" end="Sunday 11/01/2015 06:00 pm" kind="Expo" location="Expo Hall" description="" />
    <Event name="Tinimations" datetime="Friday 10/30/2015 10:00 am" end="Sunday 11/01/2015 06:00 pm" kind="Expo" location="Expo Hall" description="" />
    <Event name="Stellar Strive" datetime="Friday 10/30/2015 10:00 am" end="Sunday 11/01/2015 06:00 pm" kind="Expo" location="Expo Hall" description="" />
    <Event name="Beyond Sol" datetime="Friday 10/30/2015 10:00 am" end="Sunday 11/01/2015 06:00 pm" kind="Expo" location="Expo Hall" description="" />
    <Event name="Vagabond Dog" datetime="Friday 10/30/2015 10:00 am" end="Sunday 11/01/2015 06:00 pm" kind="Expo" location="Expo Hall" description="" />
    <Event name="Surprise Attack" datetime="Friday 10/30/2015 10:00 am" end="Sunday 11/01/2015 06:00 pm" kind="Expo" location="Expo Hall" description="" />
    <Event name="WTM Games" datetime="Friday 10/30/2015 10:00 am" end="Sunday 11/01/2015 06:00 pm" kind="Expo" location="Expo Hall" description="" />
    <Event name="Vector36" datetime="Friday 10/30/2015 10:00 am" end="Sunday 11/01/2015 06:00 pm" kind="Expo" location="Expo Hall" description="" />
    <Event name="Armed and Gelatinous" datetime="Friday 10/30/2015 10:00 am" end="Sunday 11/01/2015 06:00 pm" kind="Expo" location="Expo Hall" description="" />
    <Event name="Atomizer Games - Little Reaper - Cognitive Forge" datetime="Friday 10/30/2015 10:00 am" end="Sunday 11/01/2015 06:00 pm" kind="Expo" location="Expo Hall" description="" />
    <Event name="Depth" datetime="Friday 10/30/2015 10:00 am" end="Sunday 11/01/2015 06:00 pm" kind="Expo" location="Expo Hall" description="" />
    <Event name="The Giant Machine" datetime="Friday 10/30/2015 10:00 am" end="Sunday 11/01/2015 06:00 pm" kind="Expo" location="Expo Hall" description="" />
    <Event name="ByteSprite" datetime="Friday 10/30/2015 10:00 am" end="Sunday 11/01/2015 06:00 pm" kind="Expo" location="Expo Hall" description="" />
    <Event name="Station Stop" datetime="Friday 10/30/2015 10:00 am" end="Sunday 11/01/2015 06:00 pm" kind="Expo" location="Expo Hall" description="" />
    <Event name="Garoo Games Pty. Ltd" datetime="Friday 10/30/2015 10:00 am" end="Sunday 11/01/2015 06:00 pm" kind="Expo" location="Expo Hall" description="" />
    <Event name="Torus Games" datetime="Friday 10/30/2015 10:00 am" end="Sunday 11/01/2015 06:00 pm" kind="Expo" location="Expo Hall" description="" />
    <Event name="Corsair Kings and Blight of the Immortals" datetime="Friday 10/30/2015 10:00 am" end="Sunday 11/01/2015 06:00 pm" kind="Expo" location="Expo Hall" description="" />
    <Event name="Ascent: The Space Game" datetime="Friday 10/30/2015 10:00 am" end="Sunday 11/01/2015 06:00 pm" kind="Expo" location="Expo Hall" description="" />
    <Event name="Blowfish Studios" datetime="Friday 10/30/2015 10:00 am" end="Sunday 11/01/2015 06:00 pm" kind="Expo" location="Expo Hall" description="" />
    <Event name="Swordcraft" datetime="Friday 10/30/2015 10:00 am" end="Sunday 11/01/2015 06:00 pm" kind="Expo" location="Expo Hall" description="" />
    <Event name="Good Games" datetime="Friday 10/30/2015 10:00 am" end="Sunday 11/01/2015 06:00 pm" kind="Expo" location="Expo Hall" description="" />
    <Event name="Games Laboratory" datetime="Friday 10/30/2015 10:00 am" end="Sunday 11/01/2015 06:00 pm" kind="Expo" location="Expo Hall" description="" />
    <Event name="Conjure TCG Powered by MOL" datetime="Friday 10/30/2015 10:00 am" end="Sunday 11/01/2015 06:00 pm" kind="Expo" location="Expo Hall" description="" />
    <Event name="Wizards of the Coast" datetime="Friday 10/30/2015 10:00 am" end="Sunday 11/01/2015 06:00 pm" kind="Expo" location="Expo Hall" description="" />
    <Event name="Next Level Games" datetime="Friday 10/30/2015 10:00 am" end="Sunday 11/01/2015 06:00 pm" kind="Expo" location="Expo Hall" description="" />
    <Event name="Ozanimart" datetime="Friday 10/30/2015 10:00 am" end="Sunday 11/01/2015 06:00 pm" kind="Expo" location="Expo Hall" description="" />
    <Event name="Foxo Games" datetime="Friday 10/30/2015 10:00 am" end="Sunday 11/01/2015 06:00 pm" kind="Expo" location="Expo Hall" description="" />
    <Event name="Japanime Games" datetime="Friday 10/30/2015 10:00 am" end="Sunday 11/01/2015 06:00 pm" kind="Expo" location="Expo Hall" description="" />
    <Event name="Pro GamerS and Collectables" datetime="Friday 10/30/2015 10:00 am" end="Sunday 11/01/2015 06:00 pm" kind="Expo" location="Expo Hall" description="" />
    <Event name="Foam Brain Games" datetime="Friday 10/30/2015 10:00 am" end="Sunday 11/01/2015 06:00 pm" kind="Expo" location="Expo Hall" description="" />
    <Event name="Toys Paradise Australia " datetime="Friday 10/30/2015 10:00 am" end="Sunday 11/01/2015 06:00 pm" kind="Expo" location="Expo Hall" description="" />
    <Event name="Games Paradise On Line" datetime="Friday 10/30/2015 10:00 am" end="Sunday 11/01/2015 06:00 pm" kind="Expo" location="Expo Hall" description="" />
    <Event name="Firestorm Studio" datetime="Friday 10/30/2015 10:00 am" end="Sunday 11/01/2015 06:00 pm" kind="Expo" location="Expo Hall" description="" />
    <Event name="Fragged Empire, Rule &amp; Make" datetime="Friday 10/30/2015 10:00 am" end="Sunday 11/01/2015 06:00 pm" kind="Expo" location="Expo Hall" description="" />
    <Event name="Monty Haul Gaming" datetime="Friday 10/30/2015 10:00 am" end="Sunday 11/01/2015 06:00 pm" kind="Expo" location="Expo Hall" description="" />
    <Event name="93 Made Games &amp; Senyac Games" datetime="Friday 10/30/2015 10:00 am" end="Sunday 11/01/2015 06:00 pm" kind="Expo" location="Expo Hall" description="" />
    <Event name="Avarium Academy" datetime="Friday 10/30/2015 10:00 am" end="Sunday 11/01/2015 06:00 pm" kind="Expo" location="Expo Hall" description="" />
    <Event name="Suddenly Drunk" datetime="Friday 10/30/2015 10:00 am" end="Sunday 11/01/2015 06:00 pm" kind="Expo" location="Expo Hall" description="" />
    <Event name="CardTastic Collectables and Gaming" datetime="Friday 10/30/2015 10:00 am" end="Sunday 11/01/2015 06:00 pm" kind="Expo" location="Expo Hall" description="" />
    <Event name="Syrinscape RPG Sound" datetime="Friday 10/30/2015 10:00 am" end="Sunday 11/01/2015 06:00 pm" kind="Expo" location="Expo Hall" description="" />
    <Event name="Q-Workshop" datetime="Friday 10/30/2015 10:00 am" end="Sunday 11/01/2015 06:00 pm" kind="Expo" location="Expo Hall" description="" />
    <Event name="Joe Dodgy’s Dice and Games" datetime="Friday 10/30/2015 10:00 am" end="Sunday 11/01/2015 06:00 pm" kind="Expo" location="Expo Hall" description="" />
    <Event name="Mind Games" datetime="Friday 10/30/2015 10:00 am" end="Sunday 11/01/2015 06:00 pm" kind="Expo" location="Expo Hall" description="" />
    <Event name="Aetherworks, Reaper and Soda Pop Miniatures" datetime="Friday 10/30/2015 10:00 am" end="Sunday 11/01/2015 06:00 pm" kind="Expo" location="Expo Hall" description="" />
    <Event name="TAK Games" datetime="Friday 10/30/2015 10:00 am" end="Sunday 11/01/2015 06:00 pm" kind="Expo" location="Expo Hall" description="" />
    <Event name="Glassinole" datetime="Friday 10/30/2015 10:00 am" end="Sunday 11/01/2015 06:00 pm" kind="Expo" location="Expo Hall" description="" />
    <Event name="Breaking Games (an Ad Magic Company)" datetime="Friday 10/30/2015 10:00 am" end="Sunday 11/01/2015 06:00 pm" kind="Expo" location="Expo Hall" description="" />
    <Event name="Drinking Quest" datetime="Friday 10/30/2015 10:00 am" end="Sunday 11/01/2015 06:00 pm" kind="Expo" location="Expo Hall" description="" />
    <Event name="Terran Studios" datetime="Friday 10/30/2015 10:00 am" end="Sunday 11/01/2015 06:00 pm" kind="Expo" location="Expo Hall" description="" />
  </Schedule>
</xml>