<xml version="1.0"><!--Generated by ElementTree in webScraper.py at 2014-03-26 01:13:56.731866--><Schedule><Event datetime="Friday 4/11/2014 10:00 am" description="10 Players" end="Friday 4/11/2014 7:00 PM" kind="Panel" location="Tabletop Tourney" name="Blood Bowl Tournament" /><Event datetime="Friday 4/11/2014 10:00 am" description="Games: the final frontier. These are the tales of five college students. Their continuing mission: to explore strange new titles, to seek out new genres and new platforms, to boldly go where no one has gone before. -- Panelists: In this episode, the young developers are challenged to learn the black art of making a game in over eleven weeks at MassDiGI&#8217;s Summer Innovation Program. Hear them tell the story of how they met their goals and, in the process, overcame giant bugs, terrifying teamwork, wicked technical problems, diabolical daily builds, stale pizza and zombies." end="Friday 4/11/2014 11:00 AM" kind="Panel" location="Dragonfly Theatre" name="Game Devs: The Next Generation" /><Event datetime="Friday 4/11/2014 10:00 am" description="Ever wanted to gain insight into the minds of League of Legends content creators?&#160; The time it takes to write a parody or original song, the struggles of LoLReplay, and the challenge of collaborating to bring the community entertaining content?&#160; Well here is your chance, everyone! Join League YouTubers PlayerPOV Cody, Natsumiii, LilyPichu, Keyori and blakinola on an insightful and entertaining League of Legends-themed panel! You&#8217;ll learn background stories and gain insight on what it takes to keep the masses entertained in the ever-expanding League of Legends universe.&#160; From commentary to voice acting, they&#8217;ve got you covered.&#160; Get questions prepared, because they&#8217;re ready for you! -- Panelists: blakinola, PlayerPOV Cody, Natsumiii, LilyPichu, Keyori" end="Friday 4/11/2014 11:00 AM" kind="Panel" location="Badger Theatre" name="League of Legends YouTuber Panel: How League Becomes Your Entertainment" /><Event datetime="Friday 4/11/2014 10:00 am" description="500 Points, 10 Players" end="Friday 4/11/2014 6:00 PM" kind="Panel" location="Tabletop Tourney" name="Warhammer 40,000 - Combat Patrol Tournament" /><Event datetime="Friday 4/11/2014 10:00 am" description="Join us for the best WARMACHINE and HORDES casual play miniatures gaming event at PAX!&#160; Starting at 10am Friday, simply come to the Iron Arena registration table any time the event is open to sign up.&#160; Once you&#8217;re signed in, find opponents (we&#8217;ll have an area where people looking for other players can meet up) and play games on any open tables.&#160; You and your opponent decide the size and specifics of the game.&#160; Once the game is done, both players should come to the Iron Arena registration table to report the game results to earn Skulls for achievements - both players earn Skulls, not just the winner.&#160; Then you go find new opponents and play more games.&#160; Play as much or as little as you like.&#160; We keep track of the Skulls you earn (they roll over from day to day until 3pm Sunday) and you can spend them at any time for items from our amazing prize pool." end="Friday 4/11/2014 8:00 PM" kind="Panel" location="Tabletop Tourney" name="Warmachine/Hordes - Iron Arena Friday Tournament" /><Event datetime="Friday 4/11/2014 10:00 am" description="The first of two events this weekend to qualify for the Masters Tournament on Sunday, this is a 35-point WARMACHINE and HORDES Steamroller tournament that will use the Steamroller 2014 tournament pack.&#160; We will use the death clock timing variant and cap the event length at a maximum of 4 rounds to make sure that rounds move quickly and we don&#8217;t run too long.&#160; This is a single-list event (bring just one 35-point army) but will use the Specialists artifice to allow you to bring 10 points of specialists to swap into your force before each game.&#160; See the Steamroller rules pack for more details.&#160; Check-in for the tournament begins at 10am, games will begin promptly at 11am.&#160; Top four players are qualified for the Masters Tournament on Sunday.&#160; Full rules can be found at:&#160; http://files.privateerpress.com/op/sr2014/Steamroller2014Print.pdf" end="Friday 4/11/2014 6:00 PM" kind="Panel" location="Tabletop Tourney" name="Warmachine/Hordes - Special Forces Tournament" /><Event datetime="Friday 4/11/2014 10:30 am" description="Kerrigan, Diablo, and Arthas walk into a bar and&#8230;end up in the same game? Blizzard&#8217;s new team brawler challenges longstanding conventions of the genre with multiple maps, unique objectives, and heroes that play quite differently than you might expect. Come watch a showmatch, see Blizzard developers reveal some new heroes, and ask questions! -- Panelists: Kaeo Milker [Senior Bossman, Blizzard], Dustin Browder [Rocks and Boulders Expert, Blizzard], Phill Gonzales [Picture Tracer and Scrapbooker, Blizzard]" end="Friday 4/11/2014 11:30 AM" kind="Panel" location="Albatross Theatre" name="Heroes of the Storm - The Ultimate Blizzard Mashup" /><Event datetime="Friday 4/11/2014 10:30 am" description="Do you have a great boardgame design, want to make it yourself, but have no idea how to start? Join us as we take you through the trials, tribulations, and triumphs of independent tabletop game publishing. Thomas Eliot of Sixpence Games designed, Kickstarted, manufactured, and brought to retail Professor Pugnacious, and was on the Indie Boardgame Panel at PAX AUS 2013, while Christopher Batarlis just recently finished the Kickstarter for Secrets of the Lost Tomb. Learn from our experience, good decisions, and mistakes. Plus, see the launch of Sixpence Games&#8217; newest Kickstarter, Cultists of Cthulhu, live during the panel! -- Panelists: Thomas Eliot [Game Designer, Sixpence Games], Christopher Batarlis [Game Designer, Everything Epic Games]" end="Friday 4/11/2014 11:30 AM" kind="Panel" location="Cuttlefish Theatre" name="Indie Boardgames: Design and Crowdfunding" /><Event datetime="Friday 4/11/2014 10:30 am" description="We&#8217;re pleased to present the opening session of PAX East 2014, Storytime with Alex Rigopulos! As the CEO and Co-Founder of Harmonix, Alex has been&#8230; instrumental&#8230; in creating cult classics such as Frequency and Amplitude to the modern day staples of Rock Band and Dance Central, so we can&#8217;t wait to hear what stories he&#8217;ll have to share!" end="Friday 4/11/2014 11:30 AM" kind="Panel" location="Main Theatre" name="Storytime with Alex Rigopulos" /><Event datetime="Friday 4/11/2014 10:30 am" description="Martin Rae, president, Academy of Interactive Arts &amp; Sciences, will be bringing to the PAX East stage 2014 D.I.C.E. (Design, Innovate, Communicate, Entertain) Summit speaker, Rami Ismail.&#160; Rami, who is the business and development guy at Vlambeer, will reprise his talk titled: &#8220;No holding back: A look at independent game development during three years of Vlambeer.&#8221;&#160;  Rami discusses The Golden Age for independent development, running through the last five years as he learned of the independent gaming scene. He will discuss lessons learned and applicable to an ever-changing scene, the importance of technological democratization and the shift in the relation between developers, platforms, consumers and partners. Following the talk will be an audience Q&amp;A with Rami. -- Panelists: Martin Rae [Academy of Interactive Arts &amp; Sciences, President], Rami Ismail [Vlambeer, Chief Executive Business &amp; Development]" end="Friday 4/11/2014 11:30 AM" kind="Panel" location="Bumblebee Theatre" name="Best of the 2014 D.I.C.E. Summit" /><Event datetime="Friday 4/11/2014 11:00 am" description="Heats at 11:00, 12:30, 2:00, 3:30; Semifinals 5:00; Finals 6:00. 16 players per heat." end="Friday 4/11/2014 7:00 PM" kind="Panel" location="Tabletop Tourney" name="Dominion Friday Tournament" /><Event datetime="Friday 4/11/2014 11:00 am" description="64 4-Way FFA, Room A" end="Friday 4/11/2014 1:00 PM" kind="Panel" location="Console Tourney" name="Geometry Wars 2 Tournament" /><Event datetime="Friday 4/11/2014 11:00 am" description="100 point fleets. Promotional prizes given to participants. Hosted by Fantasy Flight Games." end="Friday 4/11/2014 8:00 PM" kind="Panel" location="Tabletop Tourney" name="Star Wars: X-Wing Miniatures Tournament" /><Event datetime="Friday 4/11/2014 11:00 am" description="Are you a writer? Want to be? Get creative with Tonic. -- Panelists: Videogame and story consultants and Tonic Industries co-founders Hilary Heskett Shapiro and Miellyn Fitzwater Barrows lead a dynamic writer&#8217;s workshop with tips and tricks for brainstorming, breaking through the writer&#8217;s block, staying focused, finding the right critique group, learning the rules, promoting your work, and getting creative, now. So bring your notes and join us for an interactive chat about building worlds and telling a really great story." end="Friday 4/11/2014 12:00 PM" kind="Panel" location="Arachnid Theatre" name="Writer&#8217;s Workshop with Tonic Industries" /><Event datetime="Friday 4/11/2014 11:30 am" description="Join the AppJunkies as they arm themselves with an entirely new lineup of horrible app disasters. Prepare to be amazed (and slightly stunned) by their display of insane feats of attempted app creation. Like taking a vacation to an island full of misfit games and crushed dreams, it&#8217;s an hour of your life you won&#8217;t get back&#8230; but you&#8217;ll be happy you spent it laughing at our misfortune. Stop in for prizes and laughs as the AppJunkies and guests highlight the best of the worst straight from the seedy side of the app store. -- Panelists: Seven DeBord [Founder, IndieHangover / AppJunkies], Jacob Wood [EIC, IndieHangover / AppJunkies], Patrick Mulhern [EIC, Lorehound], Dru Staltman [Developer, Bootsnake Games], Mat Staltman [Developer, Bootsnake Games]" end="Friday 4/11/2014 12:30 PM" kind="Panel" location="Badger Theatre" name="AppJunkies Live: The Worst Apps Ever Made!" /><Event datetime="Friday 4/11/2014 11:30 am" description="Lead the forces of a kingdom in sweeping battle across the entire face of the Iron Kingdoms in this new deck building strategy card game from Privateer Press.&#160; This tournament will be a one-on-one format with the top two players qualifying for the championship tournament on Sunday morning.&#160; Space is limited to 16 players so sign up early to secure your spot.&#160; Check-in begins at 11:30am with games starting at high noon.&#160; Bring your cards and your friendly competitive spirit.&#160; Rules for the Kingmaker format can be found at http://privateerpress.com/high-command/organized-play/kingmaker and if you want to learn more about High Command, check out http://privateerpress.com/high-command" end="Friday 4/11/2014 5:00 PM" kind="Panel" location="Tabletop Tourney" name="High Command - Kingmaker Tournament" /><Event datetime="Friday 4/11/2014 11:30 am" description="Do you like video games? Do you like cool stories? Want to hear about what it&#8217;s like to work for one of the biggest gaming websites on the planet? Come hang out with the staff of Kotaku as we regale you with fun stories about the world of gaming, PAX, and the video games we love (and hate) most. There&#8217;ll be plenty of time for questions, too, so bring your toughest. -- Panelists: Jason Schreier [Kotaku], Tina Amini [Kotaku]" end="Friday 4/11/2014 12:30 PM" kind="Panel" location="Dragonfly Theatre" name="Kotaku&#8217;s Incredible Fantastic Panel Extravaganza XVIII-2" /><Event datetime="Friday 4/11/2014 11:30 am" description="Heats at 11:30, 1:30; Semifinals 3:30; Finals 5:30. 20 players per heat." end="Friday 4/11/2014 7:00 PM" kind="Panel" location="Tabletop Tourney" name="Ticket to Ride Tournament" /><Event datetime="Friday 4/11/2014 12:00 pm" description="The indie games focus is on how anyone can make games yet, just like in &#8220;AAA&#8221;, there&#8217;s still a dearth of many voices; most personal to me being the lack of those representing of cultures I grew up in, that of urban black and Latino communities. Black and Latino people have created many forms of our national and worldwide culture and are a rather large part of the games consumer base yet are the tiniest percent of games creators and you have to wonder why. Is it technology, societal mores, apathy, lack of notable and relatable success stories or other reasons that have created a barrier to seeing notable growth from these groups? -- Panelists: This talk will be an exploration of those possibilities and more, as well as speaking to how and why it&#8217;s important that indies and surrounding establishments, such as games media, academia and cultural conference organizers can help turn the tide and create a truly more inclusive indie games scene." end="Friday 4/11/2014 1:00 PM" kind="Panel" location="Cuttlefish Theatre" name="How Urban Black and Latino Culture Can be the Next Frontier in Games" /><Event datetime="Friday 4/11/2014 12:00 pm" description="Your first attempt at game development will be messy, unpredictable and hilarious. These pro developers know firsthand! Back for its second year, the First Game Ever project features a new panel of brave souls ready to bare all. They&#8217;ll give live demos of the games that got them started and share their lessons learned, highlighting the advice they wish they could give to their younger self. The panel will wrap up with exclusive video interviews from gaming legends like Will Wright, Bob Bates and more! Panelists will be hilarious, informative, and mostly clothed. We promise. -- Panelists: David Bisceglia [CEO/Co-Founder, The Tap Lab], Zoe Quinn [Game Developer, Zoe Quinn], Rami Ismail [Business &amp; Development Guy, Vlambeer], Eitan Glinert [President, Fire Hose Games], Matt Boch [Creative Director, Harmonix]" end="Friday 4/11/2014 1:00 PM" kind="Panel" location="Bumblebee Theatre" name="I&#8217;ll Show You Mine If You Show Me Yours, Again!" /><Event datetime="Friday 4/11/2014 12:00 pm" description="20 players; top 2 per table advance each round. Expansions added as rounds progress." end="Friday 4/11/2014 4:30 PM" kind="Panel" location="Tabletop Tourney" name="Race For the Galaxy Tournament" /><Event datetime="Friday 4/11/2014 12:00 pm" description="Join Rooster Teeth in their regularly scheduled program as they drunkenly swear at each other and occasionally at the audience.&#160; These guys do this for a living?&#160; What jerks!&#160; You should go visit them in their booth (#342) and give them a piece of your mind!" end="Friday 4/11/2014 1:00 PM" kind="Panel" location="Main Theatre" name="Rooster Teeth" /><Event datetime="Friday 4/11/2014 12:00 pm" description="The immortal hobby of PC gaming continues to experience a renaissance of innovation, affordability, and accessibility. Free-to-play, an explosive indie scene, eSports, virtual reality, livestreaming, 4K displays, crowdfunding, Steam Early Access, and the growth of Linux position the PC as a truly vibrant platform. -- Panelists: Evan Lahti [Editor-in-Chief, PC Gamer], Palmer Luckey [Founder, Oculus VR], John Smedley [President, Sony Online Entertainment], Tom Petersen [Director of Technical Marketing, Nvidia], Chris Roberts [Founder, Imperium Games]" end="Friday 4/11/2014 1:00 PM" kind="Panel" location="Albatross Theatre" name="The (Incredible) Future of PC Gaming, Hosted by PC Gamer" /><Event datetime="Friday 4/11/2014 12:00 pm" description="64 Player 1v1, Room B" end="Friday 4/11/2014 2:00 PM" kind="Panel" location="Console Tourney" name="Ultimate Marvel vs. Capcom 3 Tournament" /><Event datetime="Friday 4/11/2014 12:00 pm" description="Rock out to the chip sounds of, Sam Mulligan, Rekcahdam, Bright Primate, and Professor Shyguy" end="Friday 4/11/2014 2:30 PM" kind="Panel" location="Jamspace" name="Boston 8-Bit Presents: PAX 2014 Chiptune Showcase Part 1" /><Event datetime="Friday 4/11/2014 12:30 pm" description="Come meet Mike Krahulik and Jerry Holkins, the creators of Penny Arcade, for an autograph session. They will be signing stuff and talking about stuff. Lots of stuff happening over here. -- Panelists: Mike Krahulik, Jerry Holkins" end="Friday 4/11/2014 2:30 PM" kind="Panel" location="Queue Room" name="Autograph Session: Gabe and Tycho Part 1" /><Event datetime="Friday 4/11/2014 12:30 pm" description="If you know just three people, according to recent studies, one of you is currently dealing with an emotional ailment. So why is it still so hard to talk about? The stigma of mental illness is real and creates real danger. -- Panelists: Take This was founded in 2012 after the tragic suicide of a member of our community who believed he was alone. Take This provides awareness, education and empathy for those suffering from emotional distress, their families or greater institutions. We have found that most emotional ailments, if left untreated, can deteriorate, and that the easiest route to getting help is connecting with others." end="Friday 4/11/2014 1:30 PM" kind="Panel" location="Arachnid Theatre" name="Take This - &#8220;But I&#8217;m Not Crazy&#8221;" /><Event datetime="Friday 4/11/2014 1:00 pm" description="Some have a pride of lions. Others have a murder of crows. We&#8217;ve got a Tyranny of Dragons. Join &#8220;DM to the Stars&#8221; Chris Perkins as he weaves a tale of cultists, evil dragons, and the return of their dark queen - Tiamat.&#160; Be one of the first to learn of the story and see art for the Tyranny of Dragons campaign and the new edition of Dungeons &amp; Dragons! -- Panelists: Chris Perkins [Senior Worldbuilding Designer, Wizards of the Coast]" end="Friday 4/11/2014 2:00 PM" kind="Panel" location="Dragonfly Theatre" name="Dungeons &amp; Dragons Preview - Tyranny of Dragons featuring Chris Perkins" /><Event datetime="Friday 4/11/2014 1:00 pm" description="12 players; top placement(s) advance each round." end="Friday 4/11/2014 6:30 PM" kind="Panel" location="Tabletop Tourney" name="Galaxy Trucker Tournament" /><Event datetime="Friday 4/11/2014 1:00 pm" description="32 Player 1v1, Room B" end="Friday 4/11/2014 3:00 PM" kind="Panel" location="Console Tourney" name="Super Puzzle Fighter Tournament" /><Event datetime="Friday 4/11/2014 1:00 pm" description="In gaming forums around the world, variations of the same thread forever grace the front page: &#8220;Looking for a Gaming Group.&#8221;&#160; Games are ubiquitous, barriers to entry are ever-lower, and the Internet (never mind conventions like PAX) provide what should be a sea of gamers ready and willing to play games with us.&#160; So why all the trouble?&#160; Why, in 2013, is it still so hard to form a gaming group?&#160; Why won&#8217;t anyone play Air Hockey with me? -- Panelists: In exploring the &#8220;LFG&#8221; space, there are a myriad of issues which come to light. Skill gaps leave players stranded. Matchmaking systems hurt as much as they help. The longer tail of games available spreads niche audiences further into increasingly specific sub-sub-sub-genres.&#160; Play styles differ.&#160; (Indeed, in some groups it is impolite to spend more than ten seconds on one&#8217;s turn, while in others spending less than ten MINUTES is the height of rudeness)!" end="Friday 4/11/2014 2:00 PM" kind="Panel" location="Badger Theatre" name="Why No One Will Game with You" /><Event datetime="Friday 4/11/2014 1:30 pm" description="Think you&#8217;ve got what it takes to create the next Catan? Want to trade in your day job to become a full time game master? This panel will share the ins and outs of game design - creating game concepts, commissioning artwork, fundraising, manufacturing, distribution, and more. -- Panelists: Learn from experts who have developed new titles, completed six and seven-figure Kickstarter campaigns, and brought amazing new games into the world." end="Friday 4/11/2014 2:30 PM" kind="Panel" location="Cuttlefish Theatre" name="From Playtest to 3-D Printer: How to Make, Fund, and Sell Your Own Boardgame" /><Event datetime="Friday 4/11/2014 1:30 pm" description="The Dawngate designers discuss their trials, tribulations, and efforts to make a new MOBA that does things differently. -- Panelists: Dave Cerra [Lead Producer, Dawngate], Alex Hetu [Lead Systems Designer, Dawngate], Daniel Gibson [Lead Character Designer, Dawngate], Hunter Howe [Creative Director, Dawngate]" end="Friday 4/11/2014 2:30 PM" kind="Panel" location="Albatross Theatre" name="Is MOBA a Genre? The Design of Dawngate" /><Event datetime="Friday 4/11/2014 1:30 pm" description="Even as the quality of many sports video games has peaked, one fact is undeniable - today, there are far fewer options available to play. Fans used to have several baseball, football, basketball, hockey, and soccer choices each year. Nowadays, they&#8217;re lucky to even have one per sport! Join the panelists of the popular Press Row Podcast (featuring the sports game writers from Polygon, Joystiq, GamesRadar, US Gamer, and ThatSportsGamer) as they debate whether it is the beginning of the end for big-time sports games or the start of a transformation to an entirely different model. -- Panelists: Richard Grisham [Writer, Podcaster, GamesRadar], Samit Sarkar [Reporter, Polygon], Owen Good [Reporter, Polygon], Kat Bailey [Writer, US Gamer], TJ Lauerman [Writer, ThatSportsGamer]" end="Friday 4/11/2014 2:30 PM" kind="Panel" location="Bumblebee Theatre" name="The Sports Video Game Crisis" /><Event datetime="Friday 4/11/2014 2:00 pm" description="64 4-Way FFA, Room B" end="Friday 4/11/2014 4:00 PM" kind="Panel" location="Console Tourney" name="Halo 4 Tournament" /><Event datetime="Friday 4/11/2014 2:00 pm" description="Want to get your foot in the door at a gaming company? Join industry employees as they share experiences, stories, and advice about landing their jobs. Game careers aren&#8217;t all just programming and design - marketers,event coordinators, community managers, mixologists and many others make up the gaming industry. There are tons of career options, and even more ways to wind up in the industry, but one thing&#8217;s for sure: if you want to know what it takes then you don&#8217;t want to miss this panel! -- Panelists: Justin Korthof [Community Manager, Robot Entertainment], Mitch Hutts [Creator and Manager, The Drunken Moogle], Pang [VP / Creative Director, Frogdice Studio], Michael Hartman [CEO, Frogdice Studio], Matt &#8220;Canj&#8221; Cangialosi [Marketing / Community Manager, Indie Game Stand], Mike Gnade [Owner / Business Development, Indie Game Stand], Andy Lunique [Former Ubisoft Brand Ambassador], Dan Higgins [Owner / Lead Programmer, Lunchtime Studios], Alix Stolzer [PR / Dev, Robot Loves Kitty], Richie Hoagland [Creative Director, Super Soul]" end="Friday 4/11/2014 3:00 PM" kind="Panel" location="Condor Theatre" name="Land My Job! Inside Advice on Getting into the Game Industry" /><Event datetime="Friday 4/11/2014 2:00 pm" description="Half a year has passed since the respective launches of the Xbox One and PS4, but it&#8217;s yet to be clear what exactly is going to be the dominant force in this new age of next-gen tech. Who is poised to be the victor in the next stage of the console war&#8212;Microsoft? Sony? Nintendo? Ouya? Valve with their SteamBox? Join this panel of industry experts as they talk about the successes - and the shortcomings - of this next, err, the PRESENT generation of gaming consoles. -- Panelists: Paul Goodman [Video Editor, The Escapist], Chris Kohler [Editor, Wired], Mike Futter [News Editor, Game Informer], Alexander Silwinski [News Content Director, Joystiq]" end="Friday 4/11/2014 3:00 PM" kind="Panel" location="Arachnid Theatre" name="Six Months Into the New Console War" /><Event datetime="Friday 4/11/2014 2:30 pm" description="At Riot Games, no day goes by that we&#8217;re not blown away by the actions and interactions of the League of Legends community. From collegiate clubs to cosplayers, from streamers to artists, from fan sites to tournament organizers, the community&#8217;s taken the stage to expand and redefine the League of Legends experience for everyone. In this panel, we&#8217;ll discuss how we challenge the conventions of traditional PR and Community disciplines to build a different kind of relationship with players. -- Panelists: Ilja Rotelli [Community, Riot], Adam Shetler [Social Media, Riot], T. Carl Kwoh [Production, Riot], Chris Heintz [Player Relations, Riot]" end="Friday 4/11/2014 3:30 PM" kind="Panel" location="Dragonfly Theatre" name="Connecting and Supporting the League of Legends Community" /><Event datetime="Friday 4/11/2014 2:30 pm" description="" end="Friday 4/11/2014 4:30 PM" kind="Panel" location="Handheld Tourney" name="Mario Kart 7 Tournament" /><Event datetime="Friday 4/11/2014 2:30 pm" description="Join host Michael Robles and panelists Tifa Robles, Marc Watson (Mojang), Cherisse Watson (Lyft), Russ Pitts (Polygon) and Susan Arendt (Joystiq) as they discuss being a couple that games together and solving gamer couple problems. -- Panelists: Michael Robles [Community Manager, Microsoft], Tifa Robles [Founder/Organizer, Lady Planeswalker Society], Marc Watson [Customer Service Manager, Mojang], Cherisse Watson [Organizer, Queer Geek! Magic Night], Russ Pitts [Features Editor, Polygon], Susan Arendt [Managing Editor, Joystiq]" end="Friday 4/11/2014 3:30 PM" kind="Panel" location="Badger Theatre" name="The Couple That Games Together&#8230;" /><Event datetime="Friday 4/11/2014 2:30 pm" description="WildStar&#8217;s launch is getting closer! This year&#8217;s highly-anticipated MMO is just about ready for liftoff, and we want you to be a part of it! We&#8217;ve got it all: Action combat, the most customizable housing system you&#8217;ve ever seen, crazy 40-man raids, and much, much more. Join the Carbine team as they answer questions, reveal the new hotness, and make fun of Chad&#8217;s PvP skills. Bring your &#8220;A&#8221; game, and get ready for an hour of fun, chaos, and terrible jokes. -- Panelists: Jeremy Gaffney, Stephan Frost, Chad Moore, Joe Piepiora, Jen Gordy" end="Friday 4/11/2014 3:30 PM" kind="Panel" location="Main Theatre" name="WildStar: $#!&amp; Just Got Real" /><Event datetime="Friday 4/11/2014 3:00 pm" description="This is the panel for people who have caught themselves saying things like, &#8220;You should&#8217;ve seen the headshot my 12-year-old made last night&#8221; or maybe &#8220;Hey kid, can you show me your new Shaman rotation? That DPS was cray!&#8221;.&#160; When we talk about &#8220;next gen&#8221;, we mean our kids.&#160; Our panel of expert parents look at raising &#8216;em right in a gaming family. -- Panelists: Kristin Lindsay [Penny Arcade], Eric Neustadler [Microsoft], Jeff Kalles [Penny Arcade]" end="Friday 4/11/2014 4:00 PM" kind="Panel" location="Bumblebee Theatre" name="Junior Has Joined Your Party!" /><Event datetime="Friday 4/11/2014 3:00 pm" description="Join Minecrafter experts CaptainSparklez, TheBajanCanadian, and some surprise special guests in this highly entertaining and interactive panel about everyone&#8217;s favorite online block-building game! -- Panelists: CaptainParklez, TheBajanCanadian" end="Friday 4/11/2014 4:00 PM" kind="Panel" location="Albatross Theatre" name="Polaris Presents: Minecraft Superblock" /><Event datetime="Friday 4/11/2014 3:00 pm" description="64 Player 4-Way FFA, Room A" end="Friday 4/11/2014 5:00 PM" kind="Panel" location="Console Tourney" name="Towerfall Ascension Tournament" /><Event datetime="Friday 4/11/2014 3:00 pm" description="The past 20 years have been a roller-coaster ride for RPGs.&#160; The release of Magic: The Gathering in 1993 changed the fundamental nature of the hobby gaming industry and forever altered the business of making and selling RPGs.&#160; Explore the recent history of the category through the lens of Dungeons &amp; Dragons and Pathfinder, and hear predictions for the future of the hobby. -- Panelists: Ryan Dancey [CEO, Goblinworks], Luke Peterschmidt [CEO, Fun to 11], Derek Lloyd [Owner, Battleground Games and Hobbies], Luke Crane [Tabletop Games Specialist, Kickstarter], Matt McElroy [Marketing Director, DriveThruRPG/OneBookshelf]" end="Friday 4/11/2014 4:00 PM" kind="Panel" location="Cuttlefish Theatre" name="What Is Happening to Tabletop Roleplaying Games?" /><Event datetime="Friday 4/11/2014 3:00 pm" description="Can&#8217;t get enough music at PAX? The MAGFest jamspace hosts chiptunes, bands, and open mic jamming all weekend! This Jamspace concert will bring you the sounds of Shin Sekai Cover Project, and The World is Square." end="Friday 4/11/2014 4:30 PM" kind="Panel" location="Jamspace" name="Jamspace Concert" /><Event datetime="Friday 4/11/2014 3:30 pm" description="Once we&#8217;ve selected the mystery Omeganauts (IT COULD BE YOU), it&#8217;s onward to the competition! We painstakingly spent 15 months constructing a giant sized Perfection board with foam pieces over 6 feet in height for the opening round. Unfortunately, due to a shipping error, the board was sent to the PAX Australia address, where it is currently collecting spiders and kangaroos. But that&#8217;s okay! We brought the home version as a backup! 32 teams will enter, but only 16 will leave." end="Friday 4/11/2014 4:30 PM" kind="Panel" location="Condor Theatre" name="Omegathon Round 1 - Perfection" /><Event datetime="Friday 4/11/2014 3:30 pm" description="Social Media is a noisy world for brands and individuals alike. Whether it&#8217;s Twitter or YouTube, Facebook or Google+, there&#8217;s a whole world out there waiting for your brand, website, or thoughts. Join folks that work behind the scenes for Activision, Deep Silver, Gunnar Optiks, Harmonix, Sprint, and Ubisoft for a conversation on how to build and manage your brand, work with customers, balance personal accounts in the public eye, and avoid the pitfalls in the hectic social media sphere. -- Panelists: Dan Amrich [Community Developer, Ubisoft], Aubrey Norris [Director of Marketing &amp; PR, Deep Silver], John Drake [Director of Publishing and PR, Harmonix], Dan Hevia [Editor-in-Chief, Project 510], Dave Oshry [Director of Marketing Strategy, Gunnar Optiks], Andrien Gbinigie [Community Developer - Assassin&#8217;s Creed Initiates, Ubisoft], Jake Baldino [Internet Video Personality, Pretty Much It]" end="Friday 4/11/2014 4:30 PM" kind="Panel" location="Arachnid Theatre" name="The Audacity of #Hype: The Do&#8217;s, Dont&#8217;s &amp; WTF&#8217;s of Modern Social Media" /><Event datetime="Friday 4/11/2014 4:00 pm" description="" end="Friday 4/11/2014 6:00 PM" kind="Panel" location="PC Tourney" name="Bastion Tournament" /><Event datetime="Friday 4/11/2014 4:00 pm" description="The Internet is full of empowering tools, but who are we empowering? It feels like the most toxic voices have strangled our ability to have a conversation, and we&#8217;re now used to a world where death threats and harassment are both expected and tolerated. Giant Bomb news editor Patrick Klepek has reported and commented on the industry while dealing with major life traumas, including the death of his father and colleague Ryan Davis. Designer Zoe Quinn experienced waves of abuse&#8212;both on and off the Internet&#8212;while trying to get Depression Quest on Steam. Their experiences have given them much to ponder about how we digitally conduct ourselves. Both will present stories of the personal impact these moments had, and what we can do about them. -- Panelists: Patrick Klepek [News Editor, Giant Bomb], Zoe Quinn [Game Designer]" end="Friday 4/11/2014 5:00 PM" kind="Panel" location="Dragonfly Theatre" name="Why Internet Jerks Aren&#8217;t Going to Win, And You Can Help" /><Event datetime="Friday 4/11/2014 4:00 pm" description="Everyone loves a great Kickstarter, yet nearly half of all music campaigns are unsuccessful. Gamer culture continues to influence the indie music scene in increasingly mainstream ways.&#160; Hear from some of the artists rooted in the video game and gamer/geek-culture music scene on how they managed to collectively raise nearly $350,000 in funds for their projects. Additionally you&#8217;ll hear insight on building your audience in the niche world of gamer-culture in addition to some general insight in &#8220;a day in the life of&#8221; artists like Big Giant Circles (Impostor Nostalgia, The Glory Days) zircon (Identity Sequence, Final Fantasy 6: Balance and Ruin) (Black Materia, Forever Famicom), Jillian Aversa (Atlantis Awakening) and The Doubleclicks (Dimetrodon, Lasers and Feelings, &#8220;Nothing to Prove&#8221;). -- Panelists: Jimmy Hinson [Composer, Big Giant Circles], Andrew Aversa [Composer, zircon], Jillian Aversa [Songwriter / Performer], Angela Webber [Songwriter / Performer, The Doubleclicks], Aubrey Webber [Songwriter / Performer, The Doubleclicks], Kelsey Ehrlich [Charisma +2 / Desert Bus for Hope]" end="Friday 4/11/2014 5:00 PM" kind="Panel" location="Badger Theatre" name="You&#8217;re a Gamer and a Musician. How Can Crowdfunding Work for You?" /><Event datetime="Friday 4/11/2014 4:30 pm" description="Come check out TheBajanCanadian, CaptainSparklez, and AshleyMarieeGaming in the Queue Hall Autographing Area after their Minecraft Superbock! Panel. -- Panelists: TheBajanCanadian, CaptainSparklez, AshleyMarieeGaming" end="Friday 4/11/2014 6:00 PM" kind="Panel" location="Queue Room" name="Autograph Session: Polaris Minecraft Superblock!" /><Event datetime="Friday 4/11/2014 4:30 pm" description="Chances are high that if you&#8217;ve spent more than five minutes on the Internet you&#8217;ve witnessed a perfectly normal conversation devolve into a flame war. This is a particularly common problem in game culture, where emotions run hot and high due to &#8220;friendly&#8221; competition. But when do name-calling and empty threats turn into criminal activities? During this lecture we&#8217;ll take an analytical approach to cyber-bullying, cyber-stalking, and harassment, breaking down the laws and regulations that have evolved around this peculiar problem that is aggravated by the illusion of anonymity. Through this discussion you will acquire the legal tools you need to protect yourself if you&#8217;ve become a victim of cyber-bullying, and you&#8217;ll also pick up a few pointers so you know when you&#8217;ve crossed the legal line. -- Panelists: Mona Ibrahim [Video Game Attorney, MAI Entertainment Law]" end="Friday 4/11/2014 5:30 PM" kind="Panel" location="Cuttlefish Theatre" name="Terrifying Adventures in Cyberland: A Legal Toolkit for Bullying, Stalking and Harassment in Game Cu" /><Event datetime="Friday 4/11/2014 4:30 pm" description="Penny Arcade&#8217;s Mike Krahulik, designer of the upcoming RPG Thornwatch, and Lone Shark Games&#8217;s Mike Selinker, designer of the highly popular Pathfinder Adventure Card Game, talk about how they made their RPG-like games out of cards. It&#8217;s probably &#8220;because of reasons,&#8221; but show up and find out. -- Panelists: Mike Selinker [President, Lone Shark Games], Mike &#8216;Gabe&#8217; Krahulik [Penny Arcade]" end="Friday 4/11/2014 5:30 PM" kind="Panel" location="Bumblebee Theatre" name="The Mike &amp; Mike Show: Why Are There Cards in My RPG?" /><Event datetime="Friday 4/11/2014 5:00 pm" description="32 Player 1v1, Room A" end="Friday 4/11/2014 7:00 PM" kind="Panel" location="Console Tourney" name="Burnout Crash! Tournament" /><Event datetime="Friday 4/11/2014 5:00 pm" description="Every year, the NVIDIA PAX Power Panel delivers the latest, greatest insight into the hottest gaming products and technologies." end="Friday 4/11/2014 6:00 PM" kind="Panel" location="Main Theatre" name="NVIDIA. The Way It&#8217;s Meant to be Played" /><Event datetime="Friday 4/11/2014 5:00 pm" description="You&#8217;ve got 45 seconds to deliver your idea to our panel of experts. The top three pitches will be picked for prizes and swag! (Please note that this is an open forum - there&#8217;s nothing keeping anyone, judges and attendees alike, from stealing your ideas! If you&#8217;re not comfortable with this, please don&#8217;t pitch your idea!)" end="Friday 4/11/2014 6:00 PM" kind="Panel" location="Condor Theatre" name="Pitch Your Game Idea" /><Event datetime="Friday 4/11/2014 5:00 pm" description="Join us for a live game show that asks and answers questions about being transgender and involved in gaming.&#160; Using a format similar to Cards Against Humanity, our panelists will find fun answers then poll the audience as to which answers seem right or wrong, and why. Audience members can pose their own questions or try their hand at providing an answer for a unique Q&amp;A. -- Panelists: Charles Battersby [Founder, Theater For Nerds], Eric L. Patterson [Executive Editor, EGM Media], Rebecca Heineman [Founder, Olde Skuul], Chloe Sagal [Developer, Indie Developer], Jennell Jaquays [Chief Creative Officer, Olde Skuul], Lexi Leigh Richardson [Gaming Hobbyist and journalist]" end="Friday 4/11/2014 6:00 PM" kind="Panel" location="Arachnid Theatre" name="Press XY Presents: Trans Against Insanity" /><Event datetime="Friday 4/11/2014 5:30 pm" description="Consumers of games and producers of games unite! A love of gaming initiates a trajectory of learning that can be extremely personally rewarding. As game players, we learn deep insights about game mechanics and our personal sense of fun by engaging different game types. But the opportunity goes much deeper, and games have become a conduit to learning how to code and produce physical gaming interactions through product development. Get involved in this panel&#8230; -- Panelists: Devon Loffreto [Developer, kidOYO.com/FredxCoders.com], Melora Loffreto [Product Developer, kidOYO.com/FredxCoders.com], Elliott Sperlazza [Developer, RedHat/FredxCoders.com], Joel Peck [Developer, UMW/FredxCoders.com], Brandon Feldkamp [Developer, RedHat/FredxCoders.com]" end="Friday 4/11/2014 6:30 PM" kind="Panel" location="Badger Theatre" name="Kids Learn to Code and Make with Games" /><Event datetime="Friday 4/11/2014 5:30 pm" description="Live On Three celebrates its 5th year as the first live esports show of its kind without the fluff. Commemorating the best moments of the show in the last five years, coinciding with the most important, influential, interesting, and outright hilarious moments in esports and competitive gaming over that same timespan. With your hosts Marcus &#8220;djWHEAT&#8221; Graham, Rod &#8220;Slasher&#8221; Breslau, and Scott &#8220;SirScoots&#8221; Smith -- Panelists: Marcus Graham [Senior Manager of Partnerships, TwitchTV], Rod Breslau [Senior Editor, Gamers.com], Scott Smith" end="Friday 4/11/2014 6:30 PM" kind="Panel" location="Dragonfly Theatre" name="Live On Three: The Last 5 years in eSports and Competitive Gaming" /><Event datetime="Friday 4/11/2014 6:00 pm" description="" end="Friday 4/11/2014 8:00 PM" kind="Panel" location="PC Tourney" name="Don&#8217;t Starve Tournament" /><Event datetime="Friday 4/11/2014 6:00 pm" description="32 Player 2v2, Room B" end="Friday 4/11/2014 8:00 PM" kind="Panel" location="Console Tourney" name="Mario Kart: Double Dash Tournament" /><Event datetime="Friday 4/11/2014 6:00 pm" description="Worker placement, king making, traitor mechanics, semi-co-op. Learn what it takes to talk like a board game geek. Thinking about starting a blog, a podcast, a web show? Join your fellow board game geeks as we analyze board game media and language. You&#8217;ve got to learn the lingo if you want to improve the industry (and trash talk your friends). Let&#8217;s talk board games. -- Panelists: Mackenzie Cameron [Creator, Going OverBoard: The Board Game Webcomic], Samuel Liberty [Founder, Spoiled Flush Games], Ben Marshalkowski [Blogger, Board Game Ben], Rhiannon Oches [Blogger, Spooning Meeples], Erin Ryan [Senior Writer, Cardboard Republic]" end="Friday 4/11/2014 7:00 PM" kind="Panel" location="Cuttlefish Theatre" name="Talk like a Board Game Geek" /><Event datetime="Friday 4/11/2014 6:00 pm" description="Join us for a history of Roguelikes from Rogue (1980) to Spelunky (2009-2013), including NetHack, FTL and other great games! We&#8217;ll take a look at the recent resurgence of Roguelikes, discuss our history with the genre, and you&#8217;ll get a chance to see just how embarrassingly bad we can be at a speedrun or three. -- Panelists: Eric Neustadter [Gaming Ninja, Xbox], Dan Amrich [Community Developer, Ubisoft], Jeff Green [Chief Consultant, Hit Detection]" end="Friday 4/11/2014 7:00 PM" kind="Panel" location="Bumblebee Theatre" name="Three Old Guys Play Roguelikes" /><Event datetime="Friday 4/11/2014 6:00 pm" description="Join Square Enix and developer Airtight Games for an interactive look at Murdered: Soul Suspect, a dark, detective thriller with a supernatural twist: solving your own murder from the afterlife. -- Panelists: Matt Brunner [Chief Media Officer], Dennis Price [Art Director], Nagato Sugiyama [Executive Producer], Mark Safarik [M.S. V.S.M. FBI Profiler (Ret.)&#160; Host of Killer Instinct]" end="Friday 4/11/2014 7:00 PM" kind="Panel" location="Albatross Theatre" name="Square Enix Presents Murdered: Soul Suspect" /><Event datetime="Friday 4/11/2014 6:30 pm" description="" end="Friday 4/11/2014 8:30 PM" kind="Panel" location="Handheld Tourney" name="Luigi&#8217;s Mansion: Dark Moon Tournament" /><Event datetime="Friday 4/11/2014 6:30 pm" description="We&#8217;re back! Last year went so well we want to run this panel again. Lindsay Aries of Leeleethebunny Cosplay, and Alyssa and Reith of Propped Up Creations team up to demonstrate the basics of molding and casting. This science has become really popular in replica building and costuming lately so we&#8217;re combining our knowledge into this panel. We will have fantastic Martha Stewart style demonstrations to show throughout the process and none of us are afraid of questions for those looking to start a project. -- Panelists: Lindsay Aries [Special Effects Costumer, Leeleethebunny Cosplay], Alyssa Smith [Special Effects Costumer, Propped Up Creations], Reith Poppo [Special Effects Costumer, Propped Up Creations]" end="Friday 4/11/2014 7:30 PM" kind="Panel" location="Condor Theatre" name="Molding and Casting for Beginners" /><Event datetime="Friday 4/11/2014 6:30 pm" description="32 players; each player receives 7 booster packs to build a deck and compete in 5 swiss rounds. Prizes based on record. $24 entry fee. Hosted by Pandemonium Games." end="Friday 4/11/2014 11:30 PM" kind="Panel" location="Tabletop Tourney" name="My Little Pony CCG - Sealed Deck Tournament" /><Event datetime="Friday 4/11/2014 6:30 pm" description="If a weapon is too powerful you bring down its damage. If a character class is too powerful you nerf some abilities. But how do you balance a game that is strictly words? Our panelists talk about their experiences balancing tabletop card game hit These French Fries Are Terrible Hot Dogs, Gamebook adventure series Strange Loves and comedic arguing game Let&#8217;s Quip. Watch as the panelists get into the semantics of words and their perceived power. -- Panelists: Sean Baptiste [Minister of Propaganda, Fire Hose Games], Shawn Pierre [Developer/Owner, OriGaminc], Miellyn Fitzwater Barrows [Owner/Creative Director, Gorgeous Robot], Sharat Bhat [Senior Programmer, Fire Hose Games], Max Temkin [Founder, Cards Against Humanity LLC]" end="Friday 4/11/2014 7:30 PM" kind="Panel" location="Arachnid Theatre" name="Wordscapin&#8217; - How the Hell Do You Balance a Word Game?" /><Event datetime="Friday 4/11/2014 7:00 pm" description="With open world, player-driven games like DayZ, Minecraft and Rust dominating gamer consciousness, what&#8217;s the future for storytelling in games? While plenty of &#8220;big story&#8221; games made waves in the last generation, from Bioshock Infinite to Last of Us, is their era coming to an end, or headed for a new golden age? Are new technologies like Kinect, the Oculus Rift going to provide new opportunities to tell stories, or simply serve as distractions? Join the cast of weekly podcast The Gamers With Jobs Conference Call and Ken Levine as they probe the changing face of game narratives. -- Panelists: Shawn Andrich [Co-Founder, Gamers With Jobs], Sean Sands [Co-Founder, Gamers With Jobs], Julian Murdoch [Writer, Gamers With Jobs], Cory Banks [Managing Editor, PC Gamer], Ken Levine" end="Friday 4/11/2014 8:00 PM" kind="Panel" location="Badger Theatre" name="It&#8217;s The Story, Stupid" /><Event datetime="Friday 4/11/2014 7:00 pm" description="32 Player 1v1, Room A" end="Friday 4/11/2014 9:00 PM" kind="Panel" location="Console Tourney" name="Tetris Attack Tournament" /><Event datetime="Friday 4/11/2014 7:00 pm" description="50 players; winning team in each game will be advanced and re-shuffled until only one group remains victorious!" end="Friday 4/11/2014 12:00 AM" kind="Panel" location="Tabletop Tourney" name="The Resistance Tournament" /><Event datetime="Friday 4/11/2014 7:30 pm" description="Ever since Parappa the Rapper told you to punch and kick, Rhythm Games have been awesome. But dance dance revolutionaries grooving on giant buttons know something that Ulala never reported on: playing rhythm games is following a script. Other video games have decisions and tradeoffs-is playing with music merely pressing when told? This panel of designers pioneering new music gameplay would argue no! Players can conduct music with gestures. Players can control the game with rhythm. Players can generate levels from their own music. Rad! Join designers behind Harmonix&#8217;s Fantasia, Disco Pixel&#8217;s Jungle Rumble, Dejobaan&#8217;s Drop That Beat Like an Ugly Baby, and Brace Yourself Games&#8217; Crypt of the NecroDancer for a discussion of the radical bleeding edge of rhythm games. -- Panelists: Trevor Stricker [President, Disco Pixel], Jim Toepel [Senior Designer, Harmonix], Ichiro Lambe [President, Dejobaan], Ryan Clark [Founder, Brace Yourself Games]" end="Friday 4/11/2014 8:30 PM" kind="Panel" location="Bumblebee Theatre" name="Break On Through: The Future of Music Games" /><Event datetime="Friday 4/11/2014 7:30 pm" description="After 3 years teaching PAX Prime all that we know about running RPGs, The Art of the Table is finally coming to PAX East! Designed for veteran and novice GMs alike, we&#8217;ll focus on what it takes to turn a good RPG into a great one. How are top-notch plots created, what makes for excellent role-playing, and how are vibrant worlds and interesting NPCs created? Join our panel of experts as we search out the secrets of that most elusive of beasts: The Game Master. -- Panelists: Ben Mandall [Veteran GM, The Art of the Table], Bradford Chatterjee [Scruffy Looking Nerf Herder, The Art of the Table], Whitney Begley [Hired Muscle, The Art of the Table], John Nymeyer [Pug Wrangler, The Art of the Table], Heather Boyle-Nymeyer [Logistical Support Wizard, The Art of the Table], Dave Messing [Implacable Force, The Art of the Table], Matt McElroy [Publisher, DriveThru RPG]" end="Friday 4/11/2014 8:30 PM" kind="Panel" location="Cuttlefish Theatre" name="The Art of the Table: GMing Beyond the Basics" /><Event datetime="Friday 4/11/2014 7:30 pm" description="People from every race, religion, gender and sexuality play games. It is in many ways the most universal pastime of human culture, other than eating and sleeping. Why, then, has the culture surrounding video games in particular become so vitriolic? Why is such a beautiful medium marred by hatred? We&#8217;ll investigate the possible source of the bile in this panel, but more importantly we&#8217;ll talk about how to limit it in your own experiences. It&#8217;s not possible to just put your head in the sand and &#8220;don&#8217;t read the comments&#8221; anymore. We can change the discussion. We can do our part to limit anger, resentment, racism, homo- and transphobia, as well as sexism in gaming culture. Here&#8217;s how. -- Panelists: Greg Tito [Editor in Chief, The Escapist], Bob Chipman [Video Contributor, The Escapist], Evan Narcisse [Editor, Kotaku], Janelle Bonanno [Editor in Chief, GameFront], Andrew Yoon [Editor in Chief, Shack News], Andrea Rene [Escapist News Now, The Escapist], Andre Meadows [Black Nerd]" end="Friday 4/11/2014 8:30 PM" kind="Panel" location="Albatross Theatre" name="What You Can Do to End Bile and Hatred in Games Culture" /><Event datetime="Friday 4/11/2014 8:00 pm" description="This 1-hour long panel takes a behind-the-scenes look at designing audio for games, exploring the process of creating music and sound with the award-winning composers and sound designers for games like League of Legends, Bioshock Infinite, the Xbox 360 logo, Disney Infinity, Hyper Light Drifter, and The Last Symphony. In addition to showing and discussing examples of their work on these projects, the session will feature an open Q&amp;A. -- Panelists: Duncan Watt [Founder, Fastestmanintheworld Media], Michael Sweet [Artistic Director of Video Game Scoring, Berklee College of Music], Richard Ludlow [Creative Director, Hexany Audio], Richard Gould [Lead Sound Designer, Composer, Hexany Audio], Akash Thakkar [Sound Designer, Composer]" end="Friday 4/11/2014 9:00 PM" kind="Panel" location="Arachnid Theatre" name="Game Audio: From Indie to AAA" /><Event datetime="Friday 4/11/2014 8:00 pm" description="" end="Friday 4/11/2014 11:00 PM" kind="Panel" location="PC Tourney" name="Kerbal Space Program Tournament" /><Event datetime="Friday 4/11/2014 8:00 pm" description="Chances are you&#8217;ve got at least one of those smart phone doohickeys, meaning you know what we mean when we say there are some really incredibly games being developed for the platforms. Many of these have begun to transcend the casual/social stigma, as games for the hardcore start to rival the experiences found on dedicated hardware. Unfortunately while there are all sorts of indie game competitions out there, not many seem to focus specifically on the mobile platforms&#8230; and that seemed like a problem we might be able to help with. Join the creators of those games LIVE and on stage! Questions will be asked! Answers may appear!" end="Friday 4/11/2014 9:00 PM" kind="Panel" location="Condor Theatre" name="PAX East Indie Showcase" /><Event datetime="Friday 4/11/2014 8:00 pm" description="64 Player 1v1, Room B" end="Friday 4/11/2014 10:00 PM" kind="Panel" location="Console Tourney" name="Super Smash Brothers Brawl Tournament - Part 1" /><Event datetime="Friday 4/11/2014 8:30 pm" description="Get ready to match the stars! Join a hilarious collection of writers, pundits, and comedians for Blankety Blank, the live version of classic TV game show Match Game. Members of the audience will be selected as contestants and challenged to predict how the panelists will answer excessively silly questions. Whoever matches the most answers wins! For a raucous hour of raunchy fun, stop by - and bring your sense of humor. There will be prizes, single entendres, and walks of shame galore. Part of Game Show Night&#8217;s third year at PAX East! -- Panelists: Susan Arendt [Managing Editor, Joystiq], Russ Pitts [Features Editor, Polygon], Dan Amrich [Community Developer, Ubisoft], Chris Kohler [Editor, Game|Life], Dale North [Editor in Chief, Destructoid], Richard Mitchell [Review Content Director, Joystiq], Mike Laidlaw [BioWare, Creative Director]" end="Friday 4/11/2014 9:30 PM" kind="Panel" location="Dragonfly Theatre" name="Game Show Night: Blankety Blank" /><Event datetime="Friday 4/11/2014 8:30 pm" description="We all know that gaming can be fun, engaging, and a great way to interact with other people. However, it can be more difficult to assess and understand when gaming takes too great a role in one&#8217;s life. How can we tell when too much is too much? What steps can we take to encourage a healthy relationship with gaming? This discussion will explore some of the reasons that gaming can become problematic, how to tell when it&#8217;s getting out of hand, and suggest guidelines for making sure that gaming contributes to your life in a beneficial way. -- Panelists: Eric Andrews [Counselor, LCMHC]" end="Friday 4/11/2014 9:30 PM" kind="Panel" location="Badger Theatre" name="How Much is Too Much? Finding Balance in Gaming, Pursuits, and Obligations" /><Event datetime="Friday 4/11/2014 8:30 pm" description="Where are your socks? If you can&#8217;t find them it must mean you went to the Friday Night Concerts and had them rocked right off your feet by Bit Brigade, Metroid Metal, and Anamanaguchi! Sorry about that. -- Panelists: Bit Brigade, Metroid Metal, Anamanaguchi" end="Friday 4/11/2014 12:00 AM" kind="Panel" location="Main Theatre" name="Friday Night Concerts" /><Event datetime="Friday 4/11/2014 9:00 pm" description="32 Player 1v1, Room A" end="Friday 4/11/2014 11:00 PM" kind="Panel" location="Console Tourney" name="FIFA 14 Tournament" /><Event datetime="Friday 4/11/2014 9:00 pm" description="From the world&#8217;s most viewed, daily, gaming focused news show (on the internet [located within an undisclosed Southern California tri-county area]) ON THE INTERNET, comes for the first time ever, a trio of primarily white people talking about videogames! Join us for a live taping of the hit(?) show IGQA where you can be the star! -- Panelists: **ALL PARTICIPANTS MUST SIGN A WAIVER INDICATING THAT ALL RIGHTS OF MIND, BODY AND SOUL WILL BECOME PROPERTY OF MACHINIMA AND ALL MACHINIMA AFFILIATES IN PERPETUITY. JUST KIDDING, THAT WOULD BE DUMB.**" end="Friday 4/11/2014 10:00 PM" kind="Panel" location="Albatross Theatre" name="Inside Gaming: Go Deep! (Inside Gaming)" /><Event datetime="Friday 4/11/2014 9:00 pm" description="An evening of live theater inspired by games like Fallout, Wasteland and Bioshock! &#8220;Ray was prepared for the apocalypse, but he wasn&#8217;t ready to share his old fallout shelter with his new wife Jane. When nuclear war strikes, they find themselves trapped in a bunker built for one.&#8221; After this reading we&#8217;ll have a sneak peek at a new play by the same creative team: The Astonishing Adventures of All-American Girl &amp; The Scarlet Skunk. -- Panelists: Charles Battersby [Playwright, Theater For Nerds], Stephanie Willing [Actor/Dancer/Choreographer], Isaiah Tanenbaum [Creative Partner, Flux Theater Company], Victoria Anne Miller [Actress, www.victoriaannemiller.com], Adam Swiderski [Actor], Matthew Trumbull [Actor]" end="Friday 4/11/2014 10:00 PM" kind="Panel" location="Cuttlefish Theatre" name="That Cute Radioactive Couple: A Post-Apocalyptic Play Reading" /><Event datetime="Friday 4/11/2014 9:00 pm" description="It can be tough to be positive in the gaming industry. Studio closings, failed games, crunch, and quality of life have become buzzwords for why people leave the game industry. So why does anyone stay? Join a panel of Boston game industry veterans as they talk about how they got past the negativity and continued working in games for a decade - or longer! -- Panelists: Alex Engel [Associate Producer, Disruptor Beam], Alexander Sliwinski [News Content Director, Joystiq], Les Nelken [Lead Designer, WorldTribe Media], Elliott Mitchell [CEO, Vermont Digital Arts]" end="Friday 4/11/2014 10:00 PM" kind="Panel" location="Bumblebee Theatre" name="How can we stay positive in the games industry?" /><Event datetime="Friday 4/11/2014 9:30 pm" description="Pitch your card ideas to the creators of Cards Against Humanity and special guests. The best suggestions will go in the game, the worst suggestions will be mercilessly ridiculed. -- Panelists: Max Temkin [Cards Against Humanity], Trin Garritano [Cards Against Humanity], Claire Friedman [Cards Against Humanity], Emily Haasch [Cards Against Humanity], Jenn Bane [Cards Against Humanity]" end="Friday 4/11/2014 10:30 PM" kind="Panel" location="Condor Theatre" name="Cards Against Humanity" /><Event datetime="Friday 4/11/2014 9:30 pm" description="This&#8230;is&#8230;Jeopardy! Only all the answers and questions in the PAX Game Show Night edition are geek culture things you know and love&#8212;games, sci-fi, memes, games, animation, and games! We&#8217;ll take contestants from the audience to play two full games of Jeopardy, just like on the show, complete with lockout buzzers, Daily Doubles, and an affable, blindingly attired host in the person of Dan Amrich! Part of PAX East 2014 Game Show Night. -- Panelists: Dan Amrich [Community Developer, Ubisoft], Katrin Auch [Technician, Game Show Night]" end="Friday 4/11/2014 10:30 PM" kind="Panel" location="Dragonfly Theatre" name="Game Show Night: Jeopardy!" /><Event datetime="Friday 4/11/2014 9:30 pm" description="A Gaming Movie Without the Self Loathing. At PAX Prime in 2010, Critical Threat Theatre premiered a play about friendship, love, loss, and twenty-sided dice called OF DICE AND MEN that was the hit of the con.&#160; After a successful Indiegogo campaign and over a year of blood, sweat and gaming - Cavegirl Productions is bringing the feature film version of OF DICE AND MEN back home to PAX! Come join creator Cameron McNary, director Kelley Slagle, and executive producer Seth C. Polansky in a hilarious and touching celebration of everything great about gamer geek culture.&#160;  www.ofdicemen.com -- Panelists: Cameron McNary [Writer &amp; Co-Star, Of Dice &amp; Men LLC], Seth C. Polansky [Executive Producer, Of Dice &amp; Men LLC], Kelley L. Slagle [Director &amp; Editor, Of Dice &amp; Men LLC], Autumn Moran [Director of Photography, Of Dice &amp; Men LLC]" end="Friday 4/11/2014 11:00 PM" kind="Panel" location="Arachnid Theatre" name="Of Dice &amp; Men - Screening and Q&amp;A with the cast and crew." /><Event datetime="Friday 4/11/2014 10:00 pm" description="64 Player 1v1, Room B" end="Friday 4/11/2014 12:00 PM" kind="Panel" location="Console Tourney" name="Super Smash Brothers Brawl Tournament - Part 2" /><Event datetime="Friday 4/11/2014 10:00 pm" description="After a drag out fight in 2013 we&#8217;re back and more opinionated than ever! You come to us with your one-shot and campaign ideas and we&#8217;ll tell you which system you should be running and why. How will you decide which system is Fated to carry your next campaign idea into the Marvelous realm of Godlike gaming experiences? Does your Dungeon need Dragons, Crawling Classics, or Worlds to explore? That&#8217;s where we come in. Our team of designers, editors, and nerds will brainstorm, suggest, and debate until you&#8217;ve got the system that fits for you. Bring your ideas, we&#8217;ll bring the nerd rage. -- Panelists: Brian Liberge [Designer and Creative Director, Beer Star Games], Jim White [Editor/Writer/Designer, T.W.Wombat], Brent P. Newhall [Game Designer, Brent&#8217;s Musaeum of Fantastic Wonders], Casey Peavler [Game Designer, DanD Designs], Bob Smith [Game Designer, Freelance], Art Vaccarino [Nerd], Tresi Arvizo [Nerd]" end="Friday 4/11/2014 11:00 PM" kind="Panel" location="Badger Theatre" name="Tabletop System Wars II" /><Event datetime="Friday 4/11/2014 10:30 pm" description="No, it&#8217;s not the game they play on Battlestar Galactica, you nerd! It&#8217;s the live PAX East version of the classic TV game show, where celebrities play for giant cash prizes! Only except we have no celebrities, and no cash! But other than that, it&#8217;s the same exact thing. Pick a category on our pyramid, and our quote-unquote &#8220;celebrities&#8221; will use clues to try to get you to guess the answers. If you can play Taboo, you can play Pyramid! -- Panelists: Chris Kohler [Editor, WIRED], Regina Wu [Engineer, Intel]" end="Friday 4/11/2014 11:30 PM" kind="Panel" location="Dragonfly Theatre" name="Game Show Night: Pyramid!" /><Event datetime="Friday 4/11/2014 10:30 pm" description="Join IGN editors (and The Escapist&#8217;s Andrea) as they discuss the latest and greatest video game news. Get your questions answered about the PS4, Xbox One, and the Gameboy Color. There will be yelling. (It&#8217;ll probably be Greg.) -- Panelists: Greg Miller [Host, The Loudmouth, IGN], Daemon Hatfield [Host, The Beauty, IGN], Mitch Dyer [Editor, The Canadian, IGN], Marty Sliva [Editor, The Beard, IGN], Andrea Rene [Host, The Smart One, The Escapist]" end="Friday 4/11/2014 11:30 PM" kind="Panel" location="Albatross Theatre" name="IGN Game Scoop! Live Podcast" /></Schedule></xml>