<xml version="1.0"><!--Generated by ElementTree in webScraper.py at 2013-03-19 23:55:45.398274--><Locations><location name="Sphinx" /><location name="Naga Theatre" /><location name="Tabletop Tourney" /><location name="Merman Theatre" /><location name="Tabletop Workshop" /><location name="Main Theatre" /><location name="Wyvern Theatre" /><location name="Arachnid Theatre" /><location name="Jamspace" /><location name="Console Tourney" /><location name="Corgi Theatre" /><location name="Phoenix Theatre" /><location name="Handheld Tourney" /><location name="PC Tourney" /><location name="Queue Room" /></Locations><Kinds><kind name="Panel" /></Kinds></xml>