<xml version="1.0"><!--Generated by ElementTree in webScraper.py at 2015-10-15 23:06:45.866877--><Schedule><Event datetime="Sunday 11/1/2015 10:00 am" description="This game will be played on the Nintendo WiiU." end="Sunday 11/1/2015 11:30 PM" kind="Panel" location="Console Tourney" name="Mario Kart 8" /><Event datetime="Sunday 11/1/2015 10:00 am" description="This game will be played on the Arcade machine." end="Sunday 11/1/2015 6:00 PM" kind="Panel" location="Classic Tourney" name="Donkey Kong (High Score Challenge)" /><Event datetime="Sunday 11/1/2015 10:00 am" description="Learn to paint miniatures! Paints, brushes, and a free miniature for every participant have been provided by Reaper Miniatures. Painters of all skill levels welcome - just choose a figure, paint it up and take it with you when you're done." end="Sunday 11/1/2015 6:00 PM" kind="Panel" location="Tabletop Tourney" name="Reaper Miniatures Paint &amp; Take" /><Event datetime="Sunday 11/1/2015 10:00 am" description="All figures and terrain provided. Demo games will be available on demand for systems including Warhammer 40,000; Warmachine and Hordes; Star Wars: X-Wing, Armada, Imperial Assault; Mantic games including Kings of War, Dungeon Saga and Dreadball; Malifaux, Infinity, This Is Not A Test, Batman, Age of Sigmar, SAGA, Guild Ball, Eden and Wild West Exodus." end="Sunday 11/1/2015 6:00 PM" kind="Panel" location="Tabletop Tourney" name="Learn to Play Miniatures Games" /><Event datetime="Sunday 11/1/2015 10:00 am" description="A drop-in game set during the Horus Heresy, as the legions of the Emperor's finest turned upon each other in bloody civil war. Fight for glory or survival, commanding armoured vehicles or squads of troops." end="Sunday 11/1/2015 2:00 PM" kind="Panel" location="Tabletop Tourney" name="Warhammer 30,000 - Horus Heresy Big Bash" /><Event datetime="Sunday 11/1/2015 10:00 am" description="" end="Sunday 11/1/2015 5:00 PM" kind="Panel" location="Tabletop Tourney" name="Dragonball Z Invitational Tournament" /><Event datetime="Sunday 11/1/2015 10:00 am" description="The game that started it all - 20 years this year. A fun 4-table tournament. Sign up at TT HQ." end="Sunday 11/1/2015 2:00 PM" kind="Panel" location="Tabletop Tourney" name="Settlers of Catan Mini Tournament" /><Event datetime="Sunday 11/1/2015 10:00 am" description="Mini tournament, big game. A fun 4-table tournament. Sign up at TT HQ." end="Sunday 11/1/2015 2:00 PM" kind="Panel" location="Tabletop Tourney" name="Ticket to Ride Mini Tournament" /><Event datetime="Sunday 11/1/2015 10:00 am" description="We've run Very Big Small World Events for two years, now the Small World is getting a bit smaller. Join our 4 table tournament by signing up at TT HQ." end="Sunday 11/1/2015 2:00 PM" kind="Panel" location="Tabletop Tourney" name="Small World Mini Tournament" /><Event datetime="Sunday 11/1/2015 10:00 am" description="Deck-building fun with&#8230; well, we won't tell you which boxes we'll be using. Check in at TT HQ for more info and to sign up for this 4-table tournament." end="Sunday 11/1/2015 2:00 PM" kind="Panel" location="Tabletop Tourney" name="Dominion Mini Tournament" /><Event datetime="Sunday 11/1/2015 10:30 am" description="" end="Sunday 11/1/2015 11:30 AM" kind="Panel" location="Classic Tourney" name="Pinball High Score Comp" /><Event datetime="Sunday 11/1/2015 10:30 am" description="A fun look at why the overwhelming majority of movies based on videogames have been shockers. From Super Mario Bros to Hitman, if games are proving to be untranslatable, why is Hollywood still trying? -- Panelists: Nic Healey [Senitor Editor, CNET], Mark Serrels [Editor, Kotaku], Ben McKenzie [Comedian], Ed Tran [Editor, Gamespot], Peter Levin [President, Lionsgate Entertainment Interactive Ventures]" end="Sunday 11/1/2015 11:30 AM" kind="Panel" location="Dropbear Theatre" name="What if King Koopa Orders Pizza: Good Games Make Bad Movies" /><Event datetime="Sunday 11/1/2015 10:30 am" description="Learn new techniques or hone your skills with our expert painters. All equipment provided." end="Sunday 11/1/2015 12:00 PM" kind="Panel" location="Tabletop Tourney" name="Miniatures Painting Class" /><Event datetime="Sunday 11/1/2015 10:30 am" description="Find out what it takes to get your foot in the door, succeed, and stay relevant in the video game industry. -- Panelists: Mark Pullyblank [Mentor, CG Spectrum], Simon Warwick [Mentor, CG Spectrum], Greg Hird-Rutter [Mentor, CG Spectrum], Katerina Dzolganoski [Mentor, CG Spectrum], Garth Midgley [Guest speaker, GOATi Outsourcing], Tony Reed [Founder, GDAA]" end="Sunday 11/1/2015 11:30 AM" kind="Panel" location="Kookaburra Theatre" name="How To Get into the Video Game Industry &amp; Stay Relevant" /><Event datetime="Sunday 11/1/2015 10:30 am" description="Join Arne Meyer from Naughty Dog for an exclusive look at the upcoming Uncharted 4: A Thief's End! -- Panelists: Arne Meyer [Community Strategist, Naughty Dog]" end="Sunday 11/1/2015 11:30 AM" kind="Panel" location="Main Theatre" name="Naughty Dog presents Uncharted 4: A Thief's End" /><Event datetime="Sunday 11/1/2015 11:00 am" description="This game will be played on the Nintendo Wii." end="Sunday 11/1/2015 12:00 PM" kind="Panel" location="Console Tourney" name="Super Smash Bros: Melee" /><Event datetime="Sunday 11/1/2015 11:00 am" description="This game will be played on Microsoft Xbox One and Sony PlayStation 4." end="Sunday 11/1/2015 12:00 PM" kind="Panel" location="Console Tourney" name="FIFA 15" /><Event datetime="Sunday 11/1/2015 11:00 am" description="This game will be played on Microsoft Xbox 360." end="Sunday 11/1/2015 12:00 PM" kind="Panel" location="Console Tourney" name="Halo 4" /><Event datetime="Sunday 11/1/2015 11:00 am" description="This game will be played on Microsoft Xbox One." end="Sunday 11/1/2015 12:00 PM" kind="Panel" location="Console Tourney" name="Forza 5 (Time Trials)" /><Event datetime="Sunday 11/1/2015 11:00 am" description="Player Cap; 48 Players" end="Sunday 11/1/2015 12:00 PM" kind="Panel" location="PC Tourney" name="Quake 3" /><Event datetime="Sunday 11/1/2015 11:00 am" description="Bring a single ship worth up to 32 points for a fast and furious 3-round competition. Some templates and damage cards will be available to borrow, but bring your own if you have them." end="Sunday 11/1/2015 12:30 PM" kind="Panel" location="Tabletop Tourney" name="X-Wing Miniatures - Dogfighting Tournament" /><Event datetime="Sunday 11/1/2015 11:00 am" description="" end="Sunday 11/1/2015 5:00 PM" kind="Panel" location="Tabletop Tourney" name="Pathfinder Encounters" /><Event datetime="Sunday 11/1/2015 11:00 am" description="" end="Sunday 11/1/2015 5:00 PM" kind="Panel" location="Tabletop Tourney" name="Cornucopia of RPGs" /><Event datetime="Sunday 11/1/2015 11:00 am" description="" end="Sunday 11/1/2015 5:00 PM" kind="Panel" location="Tabletop Tourney" name="Pathfinder Adventures" /><Event datetime="Sunday 11/1/2015 11:00 am" description="" end="Sunday 11/1/2015 1:00 PM" kind="Panel" location="Tabletop Tourney" name="Conjure TCG Tournament" /><Event datetime="Sunday 11/1/2015 11:00 am" description="Kickstart? Kick&#8230;stop! Let's think about this first. Crowd-funding sites such as Kickstarter provide an exciting opportunity for creators to find the financial and promotional support they need to produce their own games and products. Join the creators of some of the most successful Australian Kickstarter projects in the Tabletop Games category for 2015, for an open discussion of all aspects of crowd-funding your own game. And what you may want to know before you push that Launch button! -- Panelists: Dann May [Chief Creative Officer, Game Salute/PolyHero Dice], Allen Chang [Co-founder, Rule &amp; Make], Kim Brebach [Owner/Director, Secret Base Games], Dylan Shearer [Game Designer &amp; Marketing Lead, Table Tyrant Games], Al Caynes [Owner/Director, Senyac Games]" end="Sunday 11/1/2015 12:00 PM" kind="Panel" location="Bunyip Theatre" name="Kick&#8230; Stop!: Before You Crowd-Fund Your Game" /><Event datetime="Sunday 11/1/2015 11:00 am" description="When you think about making games you probably think of designers, artists, and coders, but there are many more roles than that in the games industry. -- Panelists: Learn from a panel from diverse games industry backgrounds about jobs in game development you may have never thought about before. Find out what they do and how they got to where they are. If you or your kids are thinking about getting into games, come along and find out about heaps of different ways to do it!" end="Sunday 11/1/2015 12:00 PM" kind="Panel" location="Galah Theatre" name="Diversity in Games Jobs: We're Not All Designers and Coders!" /><Event datetime="Sunday 11/1/2015 11:30 am" description="This game will be played on Nintendo 3DS." end="Sunday 11/1/2015 12:30 PM" kind="Panel" location="Handheld Tourney" name="Super Smash Bros 3DS" /><Event datetime="Sunday 11/1/2015 11:30 am" description="Child's Play Charity seeks to improve the lives of children in hospitals and domestic violence shelters through the generosity and kindness of the video game industry and the power of play. -- Panelists: Come and take part in the very first PAX Aus Live Auction, with some amazing and exclusive gaming memorabilia up for grabs, where all the proceeds go to a good cause!" end="Sunday 11/1/2015 12:30 PM" kind="Panel" location="Wombat Theatre" name="Child's Play Charity Live Auction" /><Event datetime="Sunday 11/1/2015 12:00 pm" description="Player Cap; 12 Teams (5)" end="Sunday 11/1/2015 1:00 PM" kind="Panel" location="PC Tourney" name="DOTA 2" /><Event datetime="Sunday 11/1/2015 12:00 pm" description="" end="Sunday 11/1/2015 4:00 PM" kind="Panel" location="Tabletop Tourney" name="Magic: The Gathering 64 player Sealed Deck Tournament" /><Event datetime="Sunday 11/1/2015 12:00 pm" description="An event for board game designers to show off their creations at different stages - from early prototype to finished product. This is your chance to meet some local designers and talk to them about their games. You might even persuade them to sign your game!" end="Sunday 11/1/2015 1:00 PM" kind="Panel" location="Tabletop Tourney" name="Boardgames Australia presents: Meet the Designer" /><Event datetime="Sunday 11/1/2015 12:00 pm" description="Everyone wants a strong, creative, and diverse local games scene. But how do you make it happen where you live? Industry champions who've worked around the globe, including Wellington, Copenhagen, and Toronto, will provide immediately actionable steps to help you level up your local scene, from playtesting events to building partnerships to creating cultural change around diversity. Drawing on examples of places with kickass games scenes, we'll also talk long term goals and how to get there. -- Panelists: Kate Raynes-Goldie [Director, Games &amp; Interactive/Founder, FTI/Games We Play], Louis Roots [Director, Copenhagen Game Collective/RMIT], Amani Naseem [Design &amp; Research, SK Games], Lee Shang Lun [Salad Maker, All Day Breakfast], Tan Huynh [Business and Investment Manager, Grow Wellington], Sofie Mather [Producer, Backyard.sk]" end="Sunday 11/1/2015 1:00 PM" kind="Panel" location="Kookaburra Theatre" name="Creating a Kickass Local Games Scene? Let Us Show You How!" /><Event datetime="Sunday 11/1/2015 12:00 pm" description="Come and hear direct from Director of Operations for the Classification Branch Kathryn Reidy about all aspects of games classification in Australia. From a history of how games came to be rated, to the process of classifying games, who makes the decisions and sets the standards, and what the future holds for classification in Australia. -- Panelists: Ron Curry [CEO, IGEA], Kathryn Reidy [Director - Operations, Classification Branch]" end="Sunday 11/1/2015 1:00 PM" kind="Panel" location="Dropbear Theatre" name="Computer Games Classification - The Australian Way" /><Event datetime="Sunday 11/1/2015 12:15 pm" description="Paint a miniature figure in an hour - all participants keep their miniature afterwards, and the best painter wins a prize. All equipment provided." end="Sunday 11/1/2015 1:45 PM" kind="Panel" location="Tabletop Tourney" name="Speed Painting Contest" /><Event datetime="Sunday 11/1/2015 12:30 pm" description="" end="Sunday 11/1/2015 1:30 PM" kind="Panel" location="Classic Tourney" name="Pinball Doubles Comp" /><Event datetime="Sunday 11/1/2015 12:30 pm" description="Pen and paper RPGs can be pretty intimidating for new players to join in. Join our panel of new and expert gamers including author and gamer Caroline Spector to find out the successes and pitfalls of introducing new players to the hobby. We'll be covering anything from finding the right group, character creation, different play styles, helpful hints, and ideas. -- Panelists: Derek Proud [Director, Garoo Games], Talia Enright [Student, Student], Caroline Spector [Author, Author], Tania Walker [Student, Student], Merrick Blackman [Blogger, Blogger]" end="Sunday 11/1/2015 1:30 PM" kind="Panel" location="Bunyip Theatre" name="Welcoming Newbies to the Gaming Table" /><Event datetime="Sunday 11/1/2015 12:30 pm" description="Japan has long been known for its impact on the gaming world, from Nintendo's early dominance of console gaming to Sony's converging markets and even Sega's trailblazing failures. After a lacklustre period, games originating from Japan have made a massive Western resurgence, and we want to discuss just why that is, and what it means for the future. Join Jason from TV's New Game Plus alongside a panel of experienced industry professionals for a look into the changing state of Japanese games. -- Panelists: Jason O'Callaghan [Executive Producer, New Game Plus], Danile Chlebowczyk [President/Community Manager, Couch Warriors/Surprise Attack], Lance McDonald [President, ManFightDragon], Matt Kelly [Game Developer/Community Manager, InfinityPlusTwo]" end="Sunday 11/1/2015 1:30 PM" kind="Panel" location="Galah Theatre" name="The Changing State of Japanese Gaming" /><Event datetime="Sunday 11/1/2015 12:30 pm" description="Ever wondered what it's like being a Gaming YouTuber in Australia? A selection of Australia's leading gaming influencers will be onstage discussing YouTube strategy for aspiring YouTubers, as well as the pros and cons of being based in Australia. Head to the Queue Room afterwards for a meet-and-greet at 2PM! -- Panelists: Silentc0re [YouTuber], MrMuselk [YouTuber], EmmaExegames [YouTuber], TheSimSupply [YouTuber], CraftBattleDuty [YouTuber]" end="Sunday 11/1/2015 1:30 PM" kind="Panel" location="Main Theatre" name="Being a Gaming YouTuber in Australia" /><Event datetime="Sunday 11/1/2015 1:30 pm" description="This game will be played on the Nintendo WiiU." end="Sunday 11/1/2015 2:30 PM" kind="Panel" location="Console Tourney" name="Super Smash Bros" /><Event datetime="Sunday 11/1/2015 1:30 pm" description="Is story important? Our panel combines the expertise of professional writers, with researchers in psychology, to give understanding of why narrative is essential in games. How and why are we immersed through story? Breaking down narrative structures, we&#8217;ll explain how they influence your gameplay and explore the psychology behind narrative persuasion. Our talk is suitable for industry professionals, to players who are curious about the process of delivering their favourite stories. -- Panelists: Jane Cocks [Researcher of Psychology - Games and Stories / PhD Candidate, University of Sunshine Coast], Lois Spangler [Interactive Narrative Researcher / Script Consultant &amp; Writer / Published Author / Produced Playwright, Queensland University of Technology / Freelance], Katie Gall [Communications Director, Lumi Consulting], Emilie Poissenot [Design Lead - The Sims FreePlay / Narrative Resource, EA Melbourne], Katryna Starks [Discipline Lead / Interactive Narrative / PhD Candidate, University of Sunshine Coast], Arne Meyer [Community Strategy Lead, Naughty Dog]" end="Sunday 11/1/2015 2:30 PM" kind="Panel" location="Dropbear Theatre" name="The Anatomy of Story: Making Meaning &amp; Interactive Narrative" /><Event datetime="Sunday 11/1/2015 1:30 pm" description="Join Mateusz Tomaszkiewicz, Lead Quest Designer at CD PROJEKT RED to discuss the new expansions for The Witcher 3: Wild Hunt, and talk about the future of the series. -- Panelists: Mateusz Tomaszkiewicz [Lead Quest Designer, CD Projekt Red]" end="Sunday 11/1/2015 2:30 PM" kind="Panel" location="Wombat Theatre" name="CD PROJEKT RED Presents: The Witcher 3: Wild Hunt" /><Event datetime="Sunday 11/1/2015 1:30 pm" description="You've got 45 seconds to deliver your idea to our panel of experts. The top three pitches will be picked for prizes and swag! (Please note that this is an open forum - there's nothing keeping anyone, judges and attendees alike, from stealing your ideas! If you're not comfortable with this, please don't pitch your idea!) -- Panelists: Guy 'Yug' Blomberg [Content &amp; Community Manager, PAX Australia], Chris Avellone [Writer, Freelance], Alana Pearce [Toys &amp; Culture Editor, IGN], Steven Gates [Comedian, Tripod]" end="Sunday 11/1/2015 2:30 PM" kind="Panel" location="Kookaburra Theatre" name="Pitch Your Game Idea" /><Event datetime="Sunday 11/1/2015 2:00 pm" description="This game will be played on Microsoft Xbox One and Sony PlayStation 4." end="Sunday 11/1/2015 3:00 PM" kind="Panel" location="Console Tourney" name="COD: Advanced Warfare" /><Event datetime="Sunday 11/1/2015 2:00 pm" description="This game will be played on Microsoft Xbox 360." end="Sunday 11/1/2015 3:00 PM" kind="Panel" location="Console Tourney" name="COD: Black Ops 2" /><Event datetime="Sunday 11/1/2015 2:00 pm" description="Player Cap; 48 Players" end="Sunday 11/1/2015 3:00 PM" kind="Panel" location="PC Tourney" name="GRID Autosport" /><Event datetime="Sunday 11/1/2015 2:00 pm" description="Meet and Greet with Aussie YouTubers including Silentc0re, MrMuselk, EmmaExegames, TheSimSupply, CraftBattleDuty." end="Sunday 11/1/2015 3:00 PM" kind="Panel" location="Queue Room" name="Australian YouTuber Signing" /><Event datetime="Sunday 11/1/2015 2:00 pm" description="Do you like Bananas? Do you like grams? Well buckle up buttercup, because we are about to blow your damn mind. We&#8217;ve got four people playing lightning-double-death-dance Bananagrams up in this bitch. Words will be spelled. Words like &#8220;pain&#8221;, &#8220;sorrow&#8221;, &#8220;victory&#8221;, and &#8220;falafel&#8221;. This is the round where we determine who will be playing in the finals. It&#8217;s important. You should watch it." end="Sunday 11/1/2015 3:00 PM" kind="Panel" location="Galah Theatre" name="Omegathon Round 5 - Bananagrams" /><Event datetime="Sunday 11/1/2015 2:00 pm" description="Bring a single ship worth up to 32 points for a fast and furious 3-round competition. Some templates and damage cards will be available to borrow, but bring your own if you have them." end="Sunday 11/1/2015 3:30 PM" kind="Panel" location="Tabletop Tourney" name="X-Wing Miniatures - Dogfighting Tournament" /><Event datetime="Sunday 11/1/2015 2:00 pm" description="Learn new techniques or hone your skills with our expert painters. All equipment provided." end="Sunday 11/1/2015 3:30 PM" kind="Panel" location="Tabletop Tourney" name="Miniatures Painting Class" /><Event datetime="Sunday 11/1/2015 2:00 pm" description="In videogames, death stalks us constantly. Character death, screen death, death we have perpetrated and that which is visited upon us. Death has a multitude of consequences in videogames and, some claim, those consequences can touch the non-game world also. -- Panelists: Join three games academics who study the depiction of death, the morality of game death, and the representation of real death in games to better understand what it is to die in the world of video games." end="Sunday 11/1/2015 3:00 PM" kind="Panel" location="Bunyip Theatre" name="Death and Dying in Videogames" /><Event datetime="Sunday 11/1/2015 2:00 pm" description="A drop-in game set during the Horus Heresy, as the legions of the Emperor's finest turned upon each other in bloody civil war. Fight for glory or survival, commanding armoured vehicles or squads of troops." end="Sunday 11/1/2015 6:00 PM" kind="Panel" location="Tabletop Tourney" name="Warhammer 30,000 - Horus Heresy Big Bash" /><Event datetime="Sunday 11/1/2015 2:30 pm" description="This game will be played on Nintendo 3DS." end="Sunday 11/1/2015 3:30 PM" kind="Panel" location="Handheld Tourney" name="Theatrhyhm Curtain Call" /><Event datetime="Sunday 11/1/2015 2:30 pm" description="" end="Sunday 11/1/2015 3:30 PM" kind="Panel" location="Classic Tourney" name="Pinball Head to Head Comp" /><Event datetime="Sunday 11/1/2015 2:30 pm" description="Wait, they do even more panels!? These guys are the best! Come meet the hardest working duo in the online jpeg racket. Gabe and Tycho field your questions and entertain you because hey, you deserve it. -- Panelists: Gabe and Tycho!" end="Sunday 11/1/2015 3:30 PM" kind="Panel" location="Main Theatre" name="Penny Arcade Q&amp;A #2" /><Event datetime="Sunday 11/1/2015 3:00 pm" description="This game will be played on the SEGA Saturn." end="Sunday 11/1/2015 4:00 PM" kind="Panel" location="Classic Tourney" name="Bomberman" /><Event datetime="Sunday 11/1/2015 3:00 pm" description="No designer is an island. You'll need people to playtest your games and help you make it the best it can be. A party of fellow brave adventurers. People who share your passion. Where do you go? Who's there to help you? The Australian board game design community is growing, and we want to share it with you. Our panel of playtest organizers and designers discuss the challenges and lessons learned from running tabletop game design communities and events. And you? You may have just found your party. -- Panelists: Aaron Lim [Editor-in-Chief, Host, The Action Points Podcast], Jason Kotzur [Lead Designer, End Game Games], Dr. Kate Raynes-Goldie [Director, Games and Interactive, FTI], Paul Sztajer [Director, SeeThrough Studios], Ben Nelson [Director, Concentric Games], Thomas Eliot [Chief Designer, Sixpence Games]" end="Sunday 11/1/2015 4:00 PM" kind="Panel" location="Dropbear Theatre" name="Growing Local Board Game Design Communities" /><Event datetime="Sunday 11/1/2015 3:00 pm" description="Games aren't just for kids and we are here to prove it! This panel takes a look at how gamers over the age of 40 manage to squeeze in some quality gaming time while attempting to impersonate a responsible adult. Has age changed our gaming preferences? Can we still find time for a 50+ hour RPG game? These questions and more will be answered by a panel of some familiar faces in the Australian Gaming space&#8230; or probably just a bunch you people you follow on Twitter. -- Panelists: Damian Cavanagh [Staff Writer, www.stevivor.com], James Dominguez [Games Writer, Former Fairfax Media], Jason Hill [Veteran Games Journalist, Former Fairfax Media], Mike Bantick [Host, 3RRRFM], Elroy [Digital Artist, Elroy Online]" end="Sunday 11/1/2015 4:00 PM" kind="Panel" location="Kookaburra Theatre" name="Player vs Father Time" /><Event datetime="Sunday 11/1/2015 3:00 pm" description="Which of your mutant monsters, gigantic robots, and strange aliens will become the one and only King of Tokyo. A fun 4-table tournament. Sign up at TT HQ." end="Sunday 11/1/2015 6:00 PM" kind="Panel" location="Tabletop Tourney" name="King of Tokyo Mini Tournament" /><Event datetime="Sunday 11/1/2015 3:00 pm" description="The classic tile-laying game turns 15 this year&#8230; but wait! There's more! Will you compete in the classic game or explore one of the variants in this 4-table tournament? Check in at TT HQ to find out and sign up." end="Sunday 11/1/2015 6:00 PM" kind="Panel" location="Tabletop Tourney" name="Carcassonne Mini Tournament" /><Event datetime="Sunday 11/1/2015 3:00 pm" description="Go down in the dungeon. Kill everything you meet. Back-stab your friends and steal their stuff. Grab the treasure and run. Sign up at TT HQ to book your seat for epic fun." end="Sunday 11/1/2015 6:00 PM" kind="Panel" location="Tabletop Tourney" name="Munchkin Events" /><Event datetime="Sunday 11/1/2015 3:30 pm" description="Do you really have to give up everything to pursue your dream? Does &quot;going indie&quot; always have to mean risking financial ruin? Is &quot;the indie with a day job&quot; the new normal? Do our definitions of &quot;indie&quot; need to change? From development to art and games journalism, there's a surprising number of people who make their passion their hobby, who work multiple jobs wearing many hats. -- Panelists: John Kane [Developer, Gritfish], Snow McNally [Writer / Game Designer, Snow McNally], Ed Sheldon [Developer, Hojo Studio], Meghann O'Neill [Composer / Contributor, PC Powerplay], Jason Imms [Games and Tech Journalist, Hyper Magazine / Games.on.net]" end="Sunday 11/1/2015 4:30 PM" kind="Panel" location="Bunyip Theatre" name="Don't Quit Your Day Job: Making Games and Working Full Time" /><Event datetime="Sunday 11/1/2015 3:30 pm" description="I have no doubt that a high percentage of people reading this will have played this classic game. Well, speedrunners have as well, and we've figured out a few neat strategies to make this classic, just a little more zany. In this panel, we'll be showcasing a LIVE race, where our two runners will go head-to-head to complete the game as fast as they can. After the race, we'll be showing off some other wacky antics that can go on in the game. If you've ever played this game before, or even if you haven't, you'll be sure to have a blast watching our runners strut their stuff. -- Panelists: Alex Westgarth [Speedrunner], David Scott [Speedrunner], Ethan Levy [Speedrunner]" end="Sunday 11/1/2015 4:30 PM" kind="Panel" location="Galah Theatre" name="Super Mario 64 Speedrunning - Or How I Learned to Go Fast and Ignore Physics" /><Event datetime="Sunday 11/1/2015 3:30 pm" description="Strap on your jerkin! Grab your +1 longsword! The time for pizza is over! The time for adventure is now! -- Panelists: Dragon Friends is a comedy D&amp;D podcast where three comedians muddle through their first Dungeons &amp; Dragons adventure. They're coming to PAX Aus for a special live recording that's bound to get a little bit crazy." end="Sunday 11/1/2015 5:30 PM" kind="Panel" location="Wombat Theatre" name="Dragon Friends: A Dungeons &amp; Dragons Comedy Show" /><Event datetime="Sunday 11/1/2015 3:45 pm" description="Paint a miniature figure in an hour - all participants keep their miniature afterwards, and the best painter wins a prize. All equipment provided." end="Sunday 11/1/2015 5:15 PM" kind="Panel" location="Tabletop Tourney" name="Speed Painting Contest" /><Event datetime="Sunday 11/1/2015 4:00 pm" description="This game will be played on Microsoft Xbox 360." end="Sunday 11/1/2015 5:00 PM" kind="Panel" location="Console Tourney" name="Ultra Street Fighter 4" /><Event datetime="Sunday 11/1/2015 4:00 pm" description="This game will be played on Microsoft Xbox One." end="Sunday 11/1/2015 5:00 PM" kind="Panel" location="Console Tourney" name="Dead or Alive 5: Last Round" /><Event datetime="Sunday 11/1/2015 4:00 pm" description="Player Cap; 64 Players" end="Sunday 11/1/2015 5:00 PM" kind="Panel" location="PC Tourney" name="Armagetron" /><Event datetime="Sunday 11/1/2015 4:00 pm" description="Meet and Greet with Mike and Jerry from Penny Arcade!" end="Sunday 11/1/2015 5:00 PM" kind="Panel" location="Queue Room" name="Gabe and Tycho Signing" /><Event datetime="Sunday 11/1/2015 4:30 pm" description="" end="Sunday 11/1/2015 5:30 PM" kind="Panel" location="Classic Tourney" name="Pinball High Score Comp" /><Event datetime="Sunday 11/1/2015 4:30 pm" description="Gaming communities can get a bad rap. Everyone has heard the horror stories, but what about those communities that act as a positive force? Join our panel of developers, community managers, and game culture experts to discuss the power of building, fostering, and participating in positive gaming communities! Learn ways to help build a great community, be it as a developer, or as someone participating as a fan. Bring your great stories to share for this conversation on the positive fun! -- Panelists: Liam Esler [Associate Producer, Beamdog], Rae Johnston [Videogame Advocate, Rae Johnston], Matt Kelly [Community Manager, Infinite Interactive], Tara J. Brannigan [Sr. Community Manager, Wipster], Nicole Stark [Co-founder &amp; Director, Disparity Games], Katie Gall [Co-founder &amp; Director, Lumi Consulting]" end="Sunday 11/1/2015 5:30 PM" kind="Panel" location="Dropbear Theatre" name="Inside the Hug Box: The Power of Positive Communities" /><Event datetime="Sunday 11/1/2015 4:30 pm" description="It's sometimes the case that publishers are looked upon unfavorably when it comes to game development. Rumours even suggest they can be damaging to creative process and final product. -- Panelists: We have gathered a group of people including developers and publishers alike to tackle common misconceptions around publishers. We aim to address the questions: What has caused this bad reputation and what can we do to communicate their importance for the gaming community better? Which games would never have seen the light without the expertise of a collaboration with a publisher? What does the future hold, especially for the Australian games industry and what role do publishers play in the realm of indie development considering the lack of government funding?" end="Sunday 11/1/2015 5:30 PM" kind="Panel" location="Kookaburra Theatre" name="Playing Nice With Publishers" /><Event datetime="Sunday 11/1/2015 5:00 pm" description="What does it take to be a great tabletop RPG GM? Our talented panel (including Wade Dyer, creator of the Fragged Empire RPG) tackles this difficult question with key aspects on how to level up your GMing skills. Tapping into decades of experience we cover the use of props, campaign building, doing improv, running games at cons, and other tips to help get the best out of your group and yourself. This is a fun, informative, and interactive panel for fledgling to grognard GMs (and players!) alike. -- Panelists: Wade Dyer [Mr, Design Ministries], Paul Houlihan [Mr, Surprise Attack!], David Hollingworth [Mr, Next Media], Tania Walker [Ms, Small Island Studio], Nick Carruthers [Mr, n/a], Anthony Stiller [Mr, MicroAnt]" end="Sunday 11/1/2015 6:00 PM" kind="Panel" location="Bunyip Theatre" name="Behind the Game Masters Screen: Make Good RPG Sessions Great" /><Event datetime="Sunday 11/1/2015 5:00 pm" description="The Japanese cultural phenomenon and multimillion-selling Nintendo 3DS RPG YO-KAI WATCH is on its way to the west, and PAX attendees can enjoy this special exclusive screening of the anime comedy series before making its TV debut in December." end="Sunday 11/1/2015 6:00 PM" kind="Panel" location="Galah Theatre" name="YO-KAI WATCH Exclusive Anime Screening" /><Event datetime="Sunday 11/1/2015 5:30 pm" description="A one-on-one winner takes all fight to the (metaphorical) DEATH! Come watch as two combatants (metaphorically) rip each other asunder for your amusement." end="Sunday 11/1/2015 6:30 PM" kind="Panel" location="Main Theatre" name="Omegathon Final Round" /></Schedule></xml>