<xml version="1.0"><!--Generated by ElementTree in webScraper.py at 2013-03-22 00:41:09.562076--><Schedule><Event datetime="Friday 3/22/2013 10:00 am" description="Come talk to Tripwire, Torn Banner, Digital Roar (and we are open to others!) about our companies, games, and the future.&#160; How we got our starts, crowd sourcing, modding (and how it can work for you both as a start and for continued growth to your existing games!), where we are today, and more.&#160; Why we have made certain decisions and experiments and why we continue to do so as we move our companies forward.&#160; Want a job?&#160; Find out what we look for! -- Panelists: Jared Creasy [Tripwire Interactive, Community Manager], Alan Wilson [Tripwire Interactive, Vice President], Steve Piggott [President, Tom Banner], John Lyons [CEO, Digital Roar], Zachariah Inks [Creative Director, Digital Roar]" end="Friday 3/22/2013 11:00 AM" kind="Panel" location="Sphinx" name="Ask Us Anything - Successful and Upcoming Indie Game Companies" />
<Event datetime="Friday 3/22/2013 10:00 am" description="Have you ever considered dressing up as your favorite video game character at PAX, but didn&#8217;t know where to start? Join our panel of experienced costume and prop makers as we tackle costume building do&#8217;s and don&#8217;ts, con costume etiquette and answer all of your costume and prop related questions. -- Panelists: Bill Doran [Prop/Costume Maker, Punished Props], Holly Conrad [Creature Designer/Armor Maker, Crabcat Industries], Jessica Merizan [Crabcat Industries XO, Crabcat Industries], Rob Doran [Costumer/Teacher], Jackie Goehner [Costume Maker/Cosplayer]" end="Friday 3/22/2013 11:00 AM" kind="Panel" location="Merman Theatre" name="Con Costuming: A Survival Guide" />
<Event datetime="Friday 3/22/2013 10:00 am" description="Blizzard has a little something new, and they&#8217;re bringing it to PAX East! It&#8217;s different from their other games, so it&#8217;s not a sequel, expansion, or that rumored next-gen MMO. Be among the first to see what the legendary development studio has been working on in this presentation." end="Friday 3/22/2013 11:00 AM" kind="Panel" location="Naga Theatre" name="Blizzard Entertainment Presents" />
<Event datetime="Friday 3/22/2013 10:00 am" description="Monster Hunter, one of the most successful portable game series in the history of Japan, has slowly been developing a dedicated and obsessed American fan base. But what makes this game so addicting? In this panel we will go over the history of the Monster Hunter franchise as well as game mechanics, skills, tips, and guides for those interested in starting a career in one of the most challenging and rewarding games of the past ten years. -- Panelists: Cory Privitera [Lead Blogger, Tokyo Hipster]" end="Friday 3/22/2013 11:00 AM" kind="Panel" location="Arachnid Theatre" name="So You Want to be a Monster Hunter?: An Introduction" />
<Event datetime="Friday 3/22/2013 10:00 am" description="" end="Friday 3/22/2013 6:00 PM" kind="Panel" location="Tabletop Tourney" name="Warhammer 40k Combat Patrol Friday Tournament" />
<Event datetime="Friday 3/22/2013 10:00 am" description="" end="Friday 3/22/2013 10:00 PM" kind="Panel" location="Tabletop Tourney" name="Warmachine/Hordes Iron Arena Friday Tournament" />
<Event datetime="Friday 3/22/2013 10:00 am" description="" end="Friday 3/22/2013 7:00 PM" kind="Panel" location="Tabletop Tourney" name="Bloodbowl Tournament" />
<Event datetime="Friday 3/22/2013 10:00 am" description="Each player receives a Gatecrash Intro Pack.&#160; Prize cards every 3rd match." end="Friday 3/22/2013 11:00 AM" kind="Panel" location="Tabletop Tourney" name="Magic: The Gathering Convention League" />
<Event datetime="Friday 3/22/2013 10:30 am" description="You probably know Bleszinski from his work on the Jazz Jackrabbit games (and in particular, Jazz Jackrabbit: Holiday Hare), but those hardcore Cliff fans may also recognize his name from the obscure indie darlings, Gears of War and Unreal. Currently unemployed and struggling off welfare, Cliff lives out of his Lamborghini in North Carolina bumming for keynote gigs. Join us as we welcome his no doubt fascinating tale to PAX East 2013!" end="Friday 3/22/2013 11:30 AM" kind="Panel" location="Main Theatre" name="Storytime with Cliff Bleszinski" />
<Event datetime="Friday 3/22/2013 11:00 am" description="Want to play a D&amp;D game without a DM? Do you like cooperative games? How about head-to-head Euro-style games? Or casual dungeon delves? Come with your friends to play any of our D&amp;D themed board games all weekend long! Stop in anytime to select from Dungeon, Castle Ravenloft, Wrath of Ashardalon, The Legend of Drizzt, or Lords of Waterdeep!" end="Friday 3/22/2013 11:00 PM" kind="Panel" location="Tabletop Tourney" name="D&amp;D Board Game Open Play" />
<Event datetime="Friday 3/22/2013 11:00 am" description="Each Player receives 4 Gatecrash boosters and plays a 30 card deck." end="Friday 3/22/2013 1:00 PM" kind="Panel" location="Tabletop Tourney" name="Magic: The Gathering 4 Booster Sealed Deck" />
<Event datetime="Friday 3/22/2013 11:00 am" description="" end="Friday 3/22/2013 3:30 PM" kind="Panel" location="Tabletop Tourney" name="Small World Tournament" />
<Event datetime="Friday 3/22/2013 11:00 am" description="Winning the PAX East Game is back!&#160; The team from Metagame Theory returns to break down the strategies and tactics you&#8217;ll need to win this weekend&#8217;s ultimate game&#8230;PAX East itself.&#160; PAX East is a massively multiplayer cross-platform cross-genre megalith that could stymie even the strongest of gamers.&#160; Join the MGT Podcast Team as they reveal opening patterns, high traffic areas, panel builds, show floor strategies, tournament details, tabletop tactics, main quests, side quests, twitter feeds, fan meetups, the local bar tour, and more!&#160; Whether you&#8217;re a novice or a grizzled veteran, a video gamer or tabletop strategist, don&#8217;t miss this player&#8217;s guide to beating PAX East 2013. -- Panelists: Joe O&#8217;Brien [Producer, Co-Host, Metagame Theory], Brian McDermott [Co-Host, Metagame Theory], Tom Gisondi [Writer, Co-Host, Metagame Theory], Troy Lavallee [Contributor, Metagame Theory]" end="Friday 3/22/2013 12:00 PM" kind="Panel" location="Wyvern Theatre" name="Winning the PAX East Game" />
<Event datetime="Friday 3/22/2013 11:00 am" description="Play the D&amp;D Next adaptation of a new adventure that serves as a prequel to the classic Slave Lords series! Whispered rumors abound that Darkshelf Quarry&#8217;s dwarf overseer isn&#8217;t really a dwarf at all, and that he makes most of his money selling slaves, not stone. Investigation is the only way to learn the truth, but the quarry is well defended, and danger lurks within! Play this adventure multiple times for a different experience each time. This D&amp;D Next adventure is 2 hours long and designed for 2nd-level characters. Characters are provided and rules will be taught as you play." end="Friday 3/22/2013 11:00 PM" kind="Panel" location="Tabletop Tourney" name="Dungeons &amp; Dragons Danger at Dark Shelf Quarry" />
<Event datetime="Friday 3/22/2013 11:30 am" description="Bring your glowsticks and LED glasses, because Friday and Saturday is the PAX East 2013 Chiptune Showcase! Featuring twelve all-star 8-Bit and chiptune acts from across the country Friday and Saturday in the Jamspace room. -- Panelists: DJ Cutman, Disasterpeace, BRIGHT PRIMATE, and Special Guests TBA!" end="Friday 3/22/2013 2:30 PM" kind="Panel" location="Jamspace" name="Boston 8-Bit Presents: PAX 2013 Chiptune Showcase, Part 1" />
<Event datetime="Friday 3/22/2013 11:30 am" description="Who needs a job anyway? In the age of independence, game journalists are creating unique and interesting content away from the constraints of the traditional press model. This panel will discuss the opportunities, methods, and benefits of breaking away from the system and producing profitable works without the need for an established outlet. -- Panelists: Justin Amirkhani [Writer, GamerUnplugged.com], HipHopGamer [Owner, HipHopGamerShow.com], Neal Ronaghan [Editor, Nintendo Force Magazine], Kyle McIntosh [Curator, GoodGamesWriting.com]" end="Friday 3/22/2013 12:30 PM" kind="Panel" location="Sphinx" name="Games Journalism in the Age of Independence" />
<Event datetime="Friday 3/22/2013 11:30 am" description="By now you know where Nerdcore began, but Mega Ran and MC Frontalot will tell you about the next level and new generation of nerdcore artists, how to get started, and what the future holds for the subgenre. -- Panelists: Raheem Jarbo [Musician, RandomBeats, LLC], Damian Hess [Musician, Level Up Records and Tapes], Kyle Murdock [Producer, Neosonic Productions], Melvin Raymond [DJ/Producer, One Beagle Productions]" end="Friday 3/22/2013 12:30 PM" kind="Panel" location="Arachnid Theatre" name="Nerdcore Hip-Hop: Rising Up" />
<Event datetime="Friday 3/22/2013 11:30 am" description="Immediately after Storytime with Cliff Bleszinski, stick around for a Q&amp;A session featuring Gabe and Tycho of Penny Arcade!&#160; Two mics, one heck of a time! And please, no &#8220;who would win in a fight&#8221; questions.&#160; Also note that if you can&#8217;t make it to this panel, there&#8217;s another one on Sunday at 2:00 in Main Theater.&#160; These guys are givers.&#160; They give. -- Panelists: Gabe and Tycho!" end="Friday 3/22/2013 12:30 PM" kind="Panel" location="Main Theatre" name="Penny Arcade Q&amp;A" />
<Event datetime="Friday 3/22/2013 11:30 am" description="Crystal Dynamics brings together some of the talented development team members from various backgrounds who worked on TOMB RAIDER. The discussion will dive deep into their roles, responsibilities, and perspectives on recreating Lara Croft. Moderated by Susan Arendt from the Escapist, an audience Q&amp;A will follow the panel. -- Panelists: Susan Arendt [Editor-in-Chief, The Escapist], Kam Zambell [Producer, Crystal Dynamics], Kari Hattner [Associate Producer, Crystal Dynamics], Nicole Tan [Artist, Crystal Dynamics], Megan Marie [Community Manager, Crystal Dynamics]" end="Friday 3/22/2013 12:30 PM" kind="Panel" location="Naga Theatre" name="Recreating an Icon: The Talent Behind the New Lara Croft in TOMB RAIDER" />
<Event datetime="Friday 3/22/2013 11:30 am" description="" end="Friday 3/22/2013 2:30 PM" kind="Panel" location="Tabletop Tourney" name="Ticket to Ride Qualifier Block A Tournament" />
<Event datetime="Friday 3/22/2013 11:30 am" description="Games are changing the way education works. The Gates Foundation, the US army &amp; many other powerful groups are using them in ground breaking new ways, directly influencing the current American curriculum. -- Panelists: One day, very soon, you&#8217;re going to be able to pull out your iPad, anywhere in the world, and try for a high-score in school.			&#10;						" end="Friday 3/22/2013 12:30 PM" kind="Panel" location="Merman Theatre" name="Game Designers Are Defining the Next 50 Years of Education" />
<Event datetime="Friday 3/22/2013 12:00 pm" description="" end="Friday 3/22/2013 2:00 PM" kind="Panel" location="Tabletop Tourney" name="Dominion Open Qualifier Block A" />
<Event datetime="Friday 3/22/2013 12:00 pm" description="1v1 32 Player Cap" end="Friday 3/22/2013 2:00 PM" kind="Panel" location="Console Tourney" name="Persona 4 Arena Tournament" />
<Event datetime="Friday 3/22/2013 12:00 pm" description="Moderator Francis Mao (CAPCOM) leads a panel of Capcom&#8217;s producers and product managers to share the latest details on all the upcoming Capcom games such as Remember Me, Lost Planet 3, Resident Evil Revelations, Dragon&#8217;s Dogma: Dark Arisen, two NEW product announcements, and more!&#160; Up to 1,000 fans will walk away with a free gift, so this is a panel you definitely do not want to miss!" end="Friday 3/22/2013 1:00 PM" kind="Panel" location="Phoenix Theatre" name="World of Capcom" />
<Event datetime="Friday 3/22/2013 12:30 pm" description="Each player receives 1 Booster each of Innistrad, Dark Ascension, Avacyn Restored,Magic 2013, Return to Ravinca, Gatecrash" end="Friday 3/22/2013 2:00 PM" kind="Panel" location="Tabletop Tourney" name="Magic: The Gathering Sealed Deck from Standard Boosters" />
<Event datetime="Friday 3/22/2013 12:30 pm" description="Want to get more StreetPass tags and learn how to maximize the amount of tags in your community?&#160; Then join the StreetPass panel as we show you how streetpass groups are forming in places near you.&#160; We will look at Princeton, Long Island, San Diego, and more!!!&#160; Also learn from one of the developers at Island Officials how StreetPass can be used to enhance a game&#8217;s experience.&#160; Prizes and video game art will be given away so don&#8217;t miss this awesome panel! -- Panelists: Nicholas Oehlberg [Co-founder, Streetpass Princeton], Robert Oehlberg [Founder, Streetpass Princeton], Debbie Gluzband [Co-Founder, Streetpass Long Island], Isaiah TriForce Johnson [CEO and Founder, Empire Arcadia], Ryan Morrison [Software Engineer, Island Officials]" end="Friday 3/22/2013 1:30 PM" kind="Panel" location="Wyvern Theatre" name="Streetpass Network: Bridging Gamers Within the Community!" />
<Event datetime="Friday 3/22/2013 12:30 pm" description="Vincent Baker (Dogs in the Vineyard, Apocalypse World), Meg Baker (Psi Run, 1001 Nights) and Luke Crane (Burning Wheel, Mouse Guard) take you on a journey, much like the Small World ride at Disney World. On this journey you will hear tales both sweet and sad about why you should make and publish your own (tabletop) games. Then we sing! -- Panelists: Luke Crane [Game Designer, Burning Wheel], Vincent Baker [Game Designer, Lumpley Games], Meg Baker [Game Designer, Night Sky Games]" end="Friday 3/22/2013 1:30 PM" kind="Panel" location="Tabletop Workshop" name="We Make and Publish Our Own Games&#8230;and It Is Rad" />
<Event datetime="Friday 3/22/2013 1:00 pm" description="2013 is an exciting year for FINAL FANTASY fans, with an upcoming release of FINAL FANTASY XIV: A Realm Reborn. Join the SQUARE ENIX team as they give an inside scoop on new details for FINAL FANTASY XIV: A Realm Reborn. -- Panelists: David Yang [Senior PR Manager, Square Enix, Inc.], Morten Haugaard [Product Manager, Square Enix, Inc.]" end="Friday 3/22/2013 2:00 PM" kind="Panel" location="Naga Theatre" name="Final Fantasy PAX East Panel" />
<Event datetime="Friday 3/22/2013 1:00 pm" description="Video games marketing is a rare beast. The skill sets and types of people that publishers and agencies look to hire are not only different from other industries, but rapidly changing. -- Panelists: So whether it&#8217;s advertising, PR, community, or media that interests you, join industry veterans for a discussion on how you can jump start your career in video games marketing and Q&amp;A to hear advice on your specific dream job." end="Friday 3/22/2013 2:00 PM" kind="Panel" location="Arachnid Theatre" name="Get Hired in Video Games Marketing" />
<Event datetime="Friday 3/22/2013 1:00 pm" description="1v1 64 Player Cap" end="Friday 3/22/2013 3:00 PM" kind="Panel" location="Console Tourney" name="Marvel vs. Capcom 3 Ultimate Tournament" />
<Event datetime="Friday 3/22/2013 1:00 pm" description="Join Rooster Teeth Productions as they showcase some world premiere news!&#160; Watch a sneak peek of some brand new RWBY content and get caught up on various other shenanigans from the RT office.&#160; Panel members include Gus Sorola and some other people you probably don&#8217;t care about." end="Friday 3/22/2013 2:00 PM" kind="Panel" location="Main Theatre" name="Rooster Teeth" />
<Event datetime="Friday 3/22/2013 1:00 pm" description="Join FoxTrot cartoonist Bill Amend as he updates us on his ongoing mission to inject gaming and geekery into North America&#8217;s newspapers -- Panelists: Bill Amend [FoxTrot]" end="Friday 3/22/2013 2:00 PM" kind="Panel" location="Sphinx" name="The Return of the Return of Bill Amend" />
<Event datetime="Friday 3/22/2013 1:30 pm" description="What could be more fun than making music and sound for video games? Well, how about making a living off of it? If you&#8217;ve been dabbling in music, sound, or both and want to break into the world of game audio then you&#8217;re in luck! This lecture will discuss the ins and outs of game audio, while also giving the practical knowledge you need to travel down this wonderful career path. -- Panelists: Akash Thakkar [Composer/Sound Designer]" end="Friday 3/22/2013 2:30 PM" kind="Panel" location="Corgi Theatre" name="Game Audio: From Hobbyist to Professional" />
<Event datetime="Friday 3/22/2013 1:30 pm" description="What do you get when you pair four fun and highly-acclaimed local multiplayer games and throw in a Kickstarter campaign? Sportsfriends! Join the developers behind Johann Sebastian Joust, BaraBariBall, and Hokra for a panel discussion moderated by journalist Ben Kuchera (Penny Arcade Report) as they talk through the origins of their collaboration, their successful Kickstarter campaign, and the burgeoning reemergence of indie games designed specifically around local multiplayer. -- Panelists: Douglas Wilson [Lead Game Designer &amp; Partner, Die Gute Fabrik], Ramiro Corbetta, Noah Sasso, Ben Kuchera [Senior Editor, Penny Arcade Report]" end="Friday 3/22/2013 2:30 PM" kind="Panel" location="Phoenix Theatre" name="Sportsfriends, Indie Collaboration, and Local Multiplayer" />
<Event datetime="Friday 3/22/2013 2:00 pm" description="1v1 32 Player Cap" end="Friday 3/22/2013 4:00 PM" kind="Panel" location="Console Tourney" name="Budokai HD Collection Tournament" />
<Event datetime="Friday 3/22/2013 2:00 pm" description="Join Luke, Meg and Vincent as they try to guess what&#8217;s coming, why, and how to get in on it. Guaranteed minimum wrongness: 90%. -- Panelists: Luke Crane [Game Designer, Burning Wheel], Vincent Baker [Game Designer, Lumpley Games], Meg Baker [Game Designer, Night Sky Games]" end="Friday 3/22/2013 3:00 PM" kind="Panel" location="Tabletop Workshop" name="The Future of RPG Design and Publishing" />
<Event datetime="Friday 3/22/2013 2:00 pm" description="Our internet culture encourages participation but can discourage meaningful interaction. If you are suffering from depression or anxiety, the internet and gaming culture can make your frustrating symptoms of alienation feel worse. You may be surrounded by &#8220;friends&#8221; but yet unable to find one who will listen or understand. What you need is to know that you are not alone. Many others have gone through what you are experiencing, and we are here to share our stories with you. Join the members of the Take This Project for an hour of inspirational stories of depression and healing and advice for when it is time to seek help and how to do so. It&#8217;s dangerous to go alone. -- Panelists: Russ Pitts [Organizer, Take This], Mark Kline PsyD. [Psychologist, The Human Relations Service], Susan Arendt [Editor-in-Chief, The Escapist], Sean Sands [Co-Founder, Gamers With Jobs], Sarah LeBoeuf [Writer, The Escapist]" end="Friday 3/22/2013 3:00 PM" kind="Panel" location="Wyvern Theatre" name="It&#8217;s Dangerous to Go Alone - The Take This Panel" />
<Event datetime="Friday 3/22/2013 2:30 pm" description="We here at PAX run a clean race. We also run an easy race! If you&#8217;re new to it, this just means grand prix races with random courses and no character or car restrictions. See? Easy peasy." end="Friday 3/22/2013 3:30 PM" kind="Panel" location="Handheld Tourney" name="Mario Kart 7 Tournament" />
<Event datetime="Friday 3/22/2013 2:30 pm" description="Before there were shooters, RPG and RTS games, there were turn-based games.&#160; Long before video games were even a possibility, most games were turn-based (game of Go, anyone?).&#160; The last decade has seen a steep decline in high-profile turn-based video games on the computer, and they are all but non-existent on consoles.&#160; However, the recent highly successful reboot of Firaxis&#8217; XCOM: Enemy Unknown has raised the profile of turn-based games among the general gamer population, but in reality many people have been playing them all along.&#160; From the wargame crowd and small indie developers, to the serious games developers making use of asymmetrical gameplay in schools and business, turn-based games have been thriving despite being below the radar of most gamers.&#160;  Until now.&#160; Will other AAA developers try to emulate XCOM&#8217;s success?&#160; What about social games and tablets?&#160; Our panel brings together TB developers and strategy game veterans to discuss how widespread the use of turn-based games is and has been, what&#8217;s happening right now, and what we might expect to see in the future. -- Panelists: Chris Parsons [Product Manager, Muzzy Lane], Troy Goodfellow [PR Rep, Creater of, Evolve PR], Justin Korthof [Community Manager, Robot Entertainment], Andy Moore [Captain, Radial Games], Jon Shafer [President, Conifer Games, Conifer Games, Stardock, Firaxis]" end="Friday 3/22/2013 3:30 PM" kind="Panel" location="Sphinx" name="Return of the TURN-BASED GAMES!!!&#160; (Actually they never went away)" />
<Event datetime="Friday 3/22/2013 2:30 pm" description="Can games ever tell good stories without making the player feel they&#8217;re being dragged around by the nose? Sure they can. But it&#8217;s going to mean taking some risks and trying stuff out, in a way that only indie devs can do. Our panelists are all working on adventure games and interactive stories, and we&#8217;ll be talking about the difficulties and opportunities of inventing good game narrative from the ground up, when there&#8217;s no-one looking over your shoulder. -- Panelists: Jon Ingold [Co-founder, Creative Director, inkle], Phil Tossell [Game Creator, Nyamyam], Andrew Plotkin [Interactive Fiction Writer], Dave Gilbert [Game Designer, Wadjet Eye Games], Stephen Hewitt [Co-founder, Head of Design, Blazing Griffin], Oded Sharon [CEO, Adventure Mob]" end="Friday 3/22/2013 3:30 PM" kind="Panel" location="Merman Theatre" name="Want a Good Story in Your Game? Get an Indie!" />
<Event datetime="Friday 3/22/2013 2:30 pm" description="Martin Rae, president, Academy of Interactive Arts &amp; Sciences, will be bringing to PAX East a speaker from the 2013 D.I.C.E. (Design, Innovate, Communicate, Entertain) Summit stage.&#160; Randy Pitchford, president and co-founder, Gearbox Software, and previously a professional magician, will follow with his session titled: &#8220;Video Games are Magic.&#8221;&#160; Randy will explore how the lessons of magical performance apply to our industry.&#160; Along the way, he&#8217;ll demonstrate and expose specific techniques, methods and ideas from magic that illustrate how the art of illusion has a lot in common with the art of interactive entertainment and leave his audience with tools that are useful and applicable from the executive level to the design level of our craft.&#160; Following will be a Q&amp;A with Randy. -- Panelists: Martin Rae [President, Academy of Interactive Arts &amp; Sciences],&#160; Randy Pitchford [President and Co-founder, Gearbox Software]" end="Friday 3/22/2013 3:30 PM" kind="Panel" location="Naga Theatre" name="The Academy of Interactive Arts &amp; Sciences presents: Best of the 2013 D.I.C.E. Summit" />
<Event datetime="Friday 3/22/2013 2:30 pm" description="Join Mike, Jerry, Graham, and most of the cast from the new hit PATV reality show, Strip Search! There may be secrets revealed, possibly in the form of video. Q&amp;A to follow." end="Friday 3/22/2013 3:30 PM" kind="Panel" location="Arachnid Theatre" name="Strip Search" />
<Event datetime="Friday 3/22/2013 3:00 pm" description="4 Way FFA, 32 Player Cap" end="Friday 3/22/2013 5:00 PM" kind="Panel" location="Console Tourney" name="Goldeneye Tournament" />
<Event datetime="Friday 3/22/2013 3:00 pm" description="What&#8217;s it like out there for transgender people in the gaming industry? Join our panel of industry personnel as they share coming out stories, job retention expectations,&#160; and their experiences of working while Trans.&#160; Learn a bit about what to expect when you&#8217;re working WITH someone who is Trans as well. -- Panelists: Charles Battersby [Writer, www.DoEE.us], Katelynn Cusanelli [Actress, MTV Networks], Jennell Jaquays [CEO, Olde Skuul], Rebecca Heineman [Founding Member, Interplay]" end="Friday 3/22/2013 4:00 PM" kind="Panel" location="Corgi Theatre" name="Press XY Presents: We Accept You&#8230; Just Don&#8217;t Use the Bathroom" />
<Event datetime="Friday 3/22/2013 3:00 pm" description="" end="Friday 3/22/2013 9:00 PM" kind="Panel" location="Tabletop Tourney" name="Puerto Rico Tournament" />
<Event datetime="Friday 3/22/2013 3:00 pm" description="Join the Carbine Studios team aboard the Gambler&#8217;s Ruin as they dive into what makes WildStar different from any other MMOs you&#8217;ve played before. Learn more about the mysterious planet Nexus, see new reveals, ask questions of the developers, and maybe even get free stuff! Who doesn&#8217;t like free stuff? Plus, Curse will be introducing their tools and features to the community, and discussing future plans to support WildStar. -- Panelists: Jeremy Gaffney [Executive Producer, Carbine Studio], Troy Hewitt [Community Director, Carbine Studio], Chad Moore [Lead Narrative Designer, Carbine Studio], Mike Donatelli [Content Director, Carbine Studio]" end="Friday 3/22/2013 4:00 PM" kind="Panel" location="Phoenix Theatre" name="WildStar: Journey To Nexus" />
<Event datetime="Friday 3/22/2013 3:30 pm" description="From allegories to science fiction and comic books, narrative and virtual worlds have long been both a vital means to envision a better world and to conceptualize tools and methods for the future. Today gaming is relentlessly pursued as an important educational and rehabilitative tool. For some it holds the potential to effectively ameliorate lives severely impeded by learning issues while providing access to experiences often limited in the physical world for others. Regardless of disability, game design is the key to opening a world that provides undeniably important environments removed from judgement and rife with the important skills and strategies that are transferable across life.&#160; Yet today, non-traditional learners and gamers with disabilities as well as developers who envision their designs as a means to improve the lives of others feel equally frustrated by a disconnect in the design process. We invite you to help us unite artists and developers with non-traditional learners and gamers with disabilities in order to design better UI and UX to effect better access to these vital life altering tools. Audience members will be encouraged to tweet suggestions or questions on either side of the discussion to help create a list of needs and suggestions via twitter under the hashtag #paxdesignadvocacy to the name @Hackcessability. -- Panelists: Mark Barrett [Artist, Pop Cap Games], James Portnow [CEO, Rainmaker Games], Don &#8216;Jake&#8217; Etgeton [Senior User Experience Designer, Disney Interactive], Angela Puccini [Disability and Gaming Advocate, Hackcessability], Angela Chang [CEO/Developer, Tinkerstories], AJ Glasser [Managing Editor, Inside Network]" end="Friday 3/22/2013 4:30 PM" kind="Panel" location="Wyvern Theatre" name="Designing to Do Good" />
<Event datetime="Friday 3/22/2013 3:30 pm" description="Our panel of experienced designers, editors, artists, and trained nerds talk about their experiences working on both personal and company-owned settings including the Midgard, Experiment073, and 3 Generations After the End. Topics include finding where to start, working with other creators, reinterpreting existing work, and knowing when to stop creating. -- Panelists: Brian Liberge [Game Designer, Freelance], Jim White [Editor/Writer/Designer, Freelance], Kaitlynn Peavler [Artist, Freelance], Casey Peavler, Art Vaccarino" end="Friday 3/22/2013 4:30 PM" kind="Panel" location="Tabletop Workshop" name="Worldbuilding 101" />
<Event datetime="Friday 3/22/2013 4:00 pm" description="1v1 32 Player Cap" end="Friday 3/22/2013 6:00 PM" kind="Panel" location="Console Tourney" name="Lumines Live!" />
<Event datetime="Friday 3/22/2013 4:00 pm" description="Surprisingly, we&#8217;ve only used this game in an Omegathon once before despite being a 4-player classic. Here&#8217;s a hint for this round: We won&#8217;t be using the standard rule set. 8 teams will be eliminated this round!" end="Friday 3/22/2013 5:00 PM" kind="Panel" location="Merman Theatre" name="Omegathon Round 1: Bomberman Live!" />
<Event datetime="Friday 3/22/2013 4:00 pm" description="" end="Friday 3/22/2013 7:00 PM" kind="Panel" location="Tabletop Tourney" name="Race for the Galaxy Qualifier Block A" />
<Event datetime="Friday 3/22/2013 4:00 pm" description="Ninety-seven percent of all adolescents in the US play video games, &amp; more than half of the adults in this country play video games regardless of their race or income. The military has discovered that video games decrease symptoms of PTSD in veterans, &amp; with the advent of the iPhone, mobile technology is making social media more prevalent than ever. Despite these numbers, psychotherapists &amp; other healthcare providers are reluctant &amp; uncertain how or when to integrate technology into their work. When gaming or technology is mentioned at all, it is only as an addiction or liability, never as a powerful innovation. This is in part due to an age-old mistrust &amp; disdain of technology which has its roots in issues of class &amp; psychology. But despite this, psychotherapy has passed the point where learning about technology is negotiable. This workshop aims to critique the idea of gaming as addiction &amp; further, discuss how understanding and using video games may improve therapeutic outcomes. -- Panelists: Michael Langlois [Mike Langlois, LICSW]" end="Friday 3/22/2013 5:00 PM" kind="Panel" location="Sphinx" name="Rethinking Gaming Addiction" />
<Event datetime="Friday 3/22/2013 4:00 pm" description="" end="Friday 3/22/2013 7:00 PM" kind="Panel" location="Tabletop Tourney" name="Settlers of Catan Qualifier Block A" />
<Event datetime="Friday 3/22/2013 4:00 pm" description="Ever wonder what it takes to create a successful indie game studio? Boston-area indies discuss the ups and downs of breaking in and making it. Hear about the challenges and opportunities directly from those who are living it every day, from established local independent studios with multiple titles under their belts to newer studios on the verge of making it big. The panel will discuss not just what it is like to do business as an indie, but what it is like to do business as an indie surrounded by the wicked awesome Massachusetts game development community. -- Panelists: Tim Loew [Executive Director, MassDiGI], Monty Sharma [Managing Director, MassDiGI], Jon Radoff [CEO &amp; Founder, Disruptor Beam], Albert Reed [CEO &amp; Co-founder, Demiurge Studios], Jamie Gotch [CEO &amp; Co-founder, Subatomic Studios], Alex Schwartz [Chief Scientist &amp; Founder, Owlchemy Labs], Ichiro Lambe [President &amp; Founder, Dejobaan Games], Becky Taylor [Marketing Associate, Stomp Games &amp; Recent Graduate], Seth Sivak [CEO &amp; Founder, Proletariat], Jen MacLean [Consultant]" end="Friday 3/22/2013 5:00 PM" kind="Panel" location="Arachnid Theatre" name="This (Boston) Indie Life: From Breaking In to Making It" />
<Event datetime="Friday 3/22/2013 4:00 pm" description="The Hosts of The Shaft have been there from the beginning of minecraft, talking with Notch, over 100 minecraft guests, and youtube celebrities.&#160; Come listen as we discuss and talk about what made Minecraft so great and where it&#8217;s going in the next few years. -- Panelists: Brent Copeland [Host, Dead Workers Party, inc], Eric Fullerton [Host, Dead Workers Party, inc], Wes Wilson [Host, Dead Workers Party, inc], Mark Cooper [Information Specialist, Dead Workers Party, inc]" end="Friday 3/22/2013 5:00 PM" kind="Panel" location="Naga Theatre" name="The Shaft: Digging up all the Minecraft Nuggets" />
<Event datetime="Friday 3/22/2013 4:30 pm" description="" end="Friday 3/22/2013 7:30 PM" kind="Panel" location="Tabletop Tourney" name="7 Wonders Qualifier Block A" />
<Event datetime="Friday 3/22/2013 4:30 pm" description="D&amp;D Next is coming! Hoards of fans have already signed up for this monumental playtest and are helping to shape the next iteration of the Dungeons &amp; Dragons game. Don&#8217;t miss this chance to hear how fan feedback is impacting the tabletop roleplaying game and where we&#8217;re at in the design process. In addition, you&#8217;ll get the download on D&amp;D&#8217;s digital future including exciting new games like Neverwinter - the free, action MMORPG from Perfect World Entertainment and Baldur&#8217;s Gate II: Enhanced Edition by Beamdog. And maybe, just maybe, a very enticing new D&amp;D offering coming soon to the digital space will be revealed. -- Panelists: Mike Mearls [Senior Manager, WOTC], Chris Perkins [Senior Producer, WOTC]" end="Friday 3/22/2013 5:30 PM" kind="Panel" location="Corgi Theatre" name="The Future of Dungeons &amp; Dragons" />
<Event datetime="Friday 3/22/2013 4:30 pm" description="The Marvel MMO you&#8217;ve been waiting for is almost here! With launch around the corner, we&#8217;re ready to share almost all of our secrets&#8230; plus give you a sneak peek at what the future holds for Marvel Heroes! Join us at our very first PAX East panel to learn all about this highly anticipated action MMO RPG, from Starter Heroes to endgame! -- Panelists: Stephen Reid, David Brevik, Matt Group, Leo Olebe, TQ Jefferson" end="Friday 3/22/2013 5:30 PM" kind="Panel" location="Phoenix Theatre" name="Marvel Heroes: Action on a Massive Scale" />
<Event datetime="Friday 3/22/2013 5:00 pm" description="Halo 4 delivered a unique set of multiplayer experiences, immersing players in an episodic campaign with Spartan Ops, while delivering more breadth and depth in the expanded War Games sandbox. You&#8217;ve played the Majestic Map Pack and may even have had a chance to play Castle Map Pack on the floor here at PAX. Come prepared to hear 343 Industries&#8217; Frank O&#8217;Connor, Kevin Franklin, Dan Ayoub and David Ellis, as well as Certain Affinity&#8217;s Tom Potter discuss where we&#8217;ve been, where we are, and what is on the horizon for Halo 4 Multiplayer. -- Panelists: Frank O&#8217;Connor [343 Industries], Kevin Franklin [343 Industries], Dan Ayoub [343 Industries], David Ellis [343 Industries], Tom Potter [Certain Affinity]" end="Friday 3/22/2013 6:00 PM" kind="Panel" location="Main Theatre" name="Halo 4 Multiplayer: Past, Present, and Future" />
<Event datetime="Friday 3/22/2013 5:00 pm" description="Professional game developers may spend thousands of man-hours testing their rules, but odds are they&#8217;ve never played with you and your friends. At your table or on your server, house rules can give a game new life or at least keep the social dynamic from spiraling out of control. Join pen &amp; paper RPG developers Art Frederick and Joe Hills, Feed the Beast Minecraft modpack founder Slowpoke, and Youtube&#8217;s Guude Boulderfist, the creator of the popular Minecraft server Mindcrack, as they chat about their favorite house rules and recommendations to help you write your own! -- Panelists: Joe Hills [Partner, Team Snow Day], Art Frederick [Partner, Team Snow Day], Guude [Founder, Mindcrack], Kevin [Lead, Feed the Beast]" end="Friday 3/22/2013 6:00 PM" kind="Panel" location="Tabletop Workshop" name="House Rules: Taking games one step further" />
<Event datetime="Friday 3/22/2013 5:00 pm" description="4 Way FFA, 64 Player Cap" end="Friday 3/22/2013 7:00 PM" kind="Panel" location="Console Tourney" name="Kirby&#8217;s Dream Collection Tournament" />
<Event datetime="Friday 3/22/2013 5:00 pm" description="League of Legends employs a neuroscientist and a psychologist to keep people playing nice, and a democratically elected player council helps guide EVE Online development. The community&#8217;s voice matters in game development, marketing, live services, game enhancements and more. Learn how user-generated content, eSports and community participation can make a great game a classic as community managers from premiere game companies including Capcom&#8217;s Brett Elston, Bethesda&#8217;s Matt Grandstaff, and Ubisoft&#8217;s Gabe Graziani join Raptr&#8217;s director of community Demian Linn. Moderated by Machinima editor-in-chief Rob Smith, panelists will discuss the importance of serving the community, player-focused design and reveal a peek at what the panelists have in store for fans this year. -- Panelists: Brett Elston [Community Manager, Capcom], Gabe Graziani [Senior Community Developer, Ubisoft], Matt Grandstaff [Community Manager, Bethesda], Sveinn Johannesson Kjarval [Community Developer, CCP], Rob Smith [Editor-in-Chief, Machinima], Demian Linn [Director of Community, Raptr]" end="Friday 3/22/2013 6:00 PM" kind="Panel" location="Wyvern Theatre" name="Community: The Most Important Bullet Point Not on the Box" />
<Event datetime="Friday 3/22/2013 5:30 pm" description="There have been success stories and colossal failures when it comes to applying principles of gamification to various different fields. However, schools and education could greatly benefit from some of the best ideas that the gaming world has generated. One example is the creation of Educational Badges. Mozilla and the MacArthur Foundation have both recently begun to invest in use of badges as a new resume/diploma. Join some of the leading scientific researchers who are currently exploring this area to discuss how badges could be and should be used in learning. -- Panelists: Sam Abramovich [Researcher, University of Pittsburgh], Peter Wardrip [Researcher, University of Pittsburgh], Yoon Jeon Kim [Researcher, Florida State University], Ross Higashi [Roboticist, National Robotics Engineering Center], Meghan Bathgate [Researcher, University of Pittsburgh]" end="Friday 3/22/2013 6:30 PM" kind="Panel" location="Merman Theatre" name="Gamification and Learning: Does Education Need Some &#8216;Stinking&#8217; Badges?" />
<Event datetime="Friday 3/22/2013 5:30 pm" description="Videogames have traditionally done their best to ignore parents - if they&#8217;re around at all, it&#8217;s just to give the real hero his lunch before he heads off to save the world. Recently, games as diverse as Papo &amp; Yo, Heavy Rain, Persona 4 Golden, and The Walking Dead have shown that parents can have an immense impact on a character - or player&#8217;s - life. During this discussion, we&#8217;ll examine the growing role of parents as characters in videogames, and how that might impact the kinds of stories that are told, and how real-life parents might interact with their game-playing kids. Moderated by Susan Arendt (The Escapist), featuring gaming parents Ben Kuchera (Penny Arcade Report), Brian Crecente (Polygon), and Mike Laidlaw (BioWare). -- Panelists: Susan Arendt [Editor-in-Chief, The Escapist], Brian Crecente [New Editor, Polygon], Ben Kuchera [Senior Editor, Penny Arcade Report], Mike Laidlaw [Creative Director, BioWare]" end="Friday 3/22/2013 6:30 PM" kind="Panel" location="Arachnid Theatre" name="Parents as Characters" />
<Event datetime="Friday 3/22/2013 5:30 pm" description="Are you a goal driven gamer that collects trophies or achievement points? Do you make up back stories for your game characters or think about how and why they do what they do? Do you create a version of yourself when you game with avatars that look or act like you do out of game? Come to this interactive panel hosted by Dr. Regina McMenomy and Rhonda Olgesby, hosts of the Game on Girl podcast, as they help you learn more about yourself through your gamer type. -- Panelists: Regina McMenomy [Host, Game on Girl], Rhonda Oglesby [Host, Game on Girl]" end="Friday 3/22/2013 6:30 PM" kind="Panel" location="Sphinx" name="What&#8217;s Your Gamer Type?" />
<Event datetime="Friday 3/22/2013 5:30 pm" description="MMORPG.com brings together some of the top games and developers in the industry to discuss the next decade of online games and their growing mass market appeal. Game Developers from some of the top online games including: Elder Scrolls Online, Guild Wars 2, Pirate 101, WildStar, EverQuest Next, and Neverwinter will be on hand to answer fan questions and talk about the new games coming out for 2013 and beyond. -- Panelists: Garrett Fuller [Industry Relations, MMORPG.com], Matt Firor [General Manager, ZeniMax Online], Dave Georgeson [Director of Development, Sony Online Entertainment], Jon Peters [Lead Designer, ArenaNet], Jeremy Gaffney [Executive Producer, Carbine Studios], Jack Emmert [Lead Producer, Perfect World], Chris Roberts [Star Citizen]" end="Friday 3/22/2013 6:30 PM" kind="Panel" location="Naga Theatre" name="Future of Online Games Panel - MMORPG.com" />
<Event datetime="Friday 3/22/2013 6:00 pm" description="With over 4,000 songs released during a 5 year run of weekly DLC, Rock Band has included songs by a veritable who&#8217;s who of the greatest musicians in the history of rock. Rock Band&#8217;s catalog includes hundreds of artists, and there are countless others that they attempted to get in the game. Oh, which bands? Yep, them. Oh yeah, them too. Definitely those guys. Interested in hearing more? Join Harmonix for a candid look behind the soundtrack of the highest rated music games ever released, as they finally respond to long burning community questions, comment on unreleased projects, and dish on all the dirt behind your favorite music games. -- Panelists: Aaron Trites [Manager, Community Development, Harmonix], John Drake [Director of Communications &amp; Brand Management, Harmonix], Eric Pope [Community Manager, Harmonix], Chris Rigopulos [VP Music and Strategy, Harmonix]" end="Friday 3/22/2013 7:00 PM" kind="Panel" location="Phoenix Theatre" name="Rock Band Behind the Music: A Music Gaming Tell All" />
<Event datetime="Friday 3/22/2013 6:00 pm" description="Roleplaying games are awesome. They are the best type of game ever. They do things that academics can&#8217;t explain and corporations pay millions of dollars to replicate. Drawing on the study, theory and practice of both play and design, Jared Sorensen (Action Castle, Lacuna, Inspectres) and Luke Crane (Burning Wheel, Mouse Guard) dissect the blood and guts of RPGs, explaining why RPGs have always been and always will be an underground phenomenon - and why this makes them awesome. -- Panelists: Luke Crane [Burning Wheel], Jared Sorensen [Memento-Mori Theatriks]" end="Friday 3/22/2013 7:00 PM" kind="Panel" location="Corgi Theatre" name="RPGs Are Awesome" />
<Event datetime="Friday 3/22/2013 6:00 pm" description="1v1, 32 Player Cap" end="Friday 3/22/2013 8:00 PM" kind="Panel" location="Console Tourney" name="Soul Calibur V Tournament" />
<Event datetime="Friday 3/22/2013 6:30 pm" description="Many who call themselves dorks want a high wall around their culture keeping everyone out. Jocks or athletically-minded individuals in school might have terrorized those who played Magic or Mario, but some nerds have responded by heaping just as much abuse upon those among us who happen to enjoy a sports contest or two. And that&#8217;s just wrong. It&#8217;s perfectly normal for a guy or a girl who likes playing with elves and orcs to also enjoy a baseball game or, Cthulhu forbid, the Olympics. In this discussion of individuals who happen to be both geeks AND sports fanatics, we&#8217;ll talk about the similarities between sports and nerd culture - from the dedicated cosplayers to the unholy obsession with stats - and how we nerds should embrace sports fans as kindred spirits, not shun them as enemies. -- Panelists: Greg Tito [Senior Editor, The Escapist], R. A. Salvatore [Author], Jason Schreier [Kotaku], Rob Zacny [Freelance Journalist], Sean Sands [Gamers With Jobs]" end="Friday 3/22/2013 7:30 PM" kind="Panel" location="Wyvern Theatre" name="Dorks Vs. Sports" />
<Event datetime="Friday 3/22/2013 6:30 pm" description="Would you like to design and create your own games? Attend this workshop to learn the most important game design skills&#8230; by practicing them yourself! You will design, implement, test, and revise games during this workshop. Though the materials we use in the workshop will be analog (dice, cards, paper, pencil, etc.), the design principles you will employ are applicable to digital game design as well. -- Panelists: Ira Fay [Founder, Fay Games]" end="Friday 3/22/2013 7:30 PM" kind="Panel" location="Tabletop Workshop" name="Game Design Workshop" />
<Event datetime="Friday 3/22/2013 6:30 pm" description="Nostalgia plus new game play? Awwww yeah, good times. Every round you&#8217;ll be flying &#8216;til you can&#8217;t in dogfights. Best 2 of 3 moves on to the following round. Have fun going against old friends and new!&#160; (Unless they play as Slippy. You know why.)" end="Friday 3/22/2013 7:30 PM" kind="Panel" location="Handheld Tourney" name="Star Fox 64 3D Tournament" />
<Event datetime="Friday 3/22/2013 7:00 pm" description="Are you as cool as the characters in PvP? Are you a Table Titans wannabe? Scott Kurtz&#8217;s Mines of Madness await! Hurl yourself into a deadly dungeon in search of the fabled Forever Stone, but beware the outhouse! This special D&amp;D Next adventure is 4 hours long and designed for 3rd-level characters. In addition, you&#8217;ll be rating your Dungeon Masters to determine the best DM of PAX East 2013! Characters are provided." end="Friday 3/22/2013 11:00 PM" kind="Panel" location="Tabletop Tourney" name="D&amp;D Next DM&#8217;s Challenge: Mines of Madness" />
<Event datetime="Friday 3/22/2013 7:00 pm" description="Have you ever considered making your own board game? Or a line of minis? This panel will teach you how to become a modern day Milton Bradley using 3-D printers, Kickstarter, and the power of the internet. -- Panelists: Whether you want to make a DIY game board or turn an idea for a game into a business, the experts on this panel will share lessons learned from shipping dozens of games, engaging thousands of fans, and raising millions of dollars through crowd funding." end="Friday 3/22/2013 8:00 PM" kind="Panel" location="Sphinx" name="From Playtest to 3-D Printer: How to Make Your Own Board Game, War Game, or Tamagotchi" />
<Event datetime="Friday 3/22/2013 7:00 pm" description="Each player receives 6 boosters Gatecrash" end="Friday 3/22/2013 9:00 PM" kind="Panel" location="Tabletop Tourney" name="Magic: The Gathering Foil Fest" />
<Event datetime="Friday 3/22/2013 7:00 pm" description="Do you find it impossible to click with some esteemed gaming classic? Are you afraid to admit that you just don&#8217;t understand the following behind a beloved game that disappointed you in the past? Put those fears of ostracization aside, because the Retronauts are here to offer a safe place where dissing these golden greats won&#8217;t get you strung up like a pinata. Join 1UP&#8217;s regular Retronauts crew, and come prepared as they question the audience about the sacred cows these attendees despise, and either restore their faith, or approve of their hatred. -- Panelists: Bob Mackey [Freelance], Marty Sliva [Associate Editor, IGN], John Delia [COO, Retroware TV], Joey DeSena [Contributor, Retroware TV]" end="Friday 3/22/2013 8:00 PM" kind="Panel" location="Merman Theatre" name="Retro Games We Want to Love" />
<Event datetime="Friday 3/22/2013 7:00 pm" description="1v1, 64 Player Cap" end="Friday 3/22/2013 9:00 PM" kind="Panel" location="Console Tourney" name="Super Smash Bros. Brawl Tournament: Group A" />
<Event datetime="Friday 3/22/2013 7:00 pm" description="Producers of such fine internet entertainment as The Escapist&#8217;s Unskippable, PATV&#8217;s CheckPoint, the Desert Bus for Hope fundraiser, and Penny Arcade&#8217;s own reality show Strip Search, select members of LoadingReadyRun will be on hand to show you new stuff and answer your questions! Come and hang out, it&#8217;s a grand time! -- Panelists: The LoadingReadyRun Crew!" end="Friday 3/22/2013 8:00 PM" kind="Panel" location="Naga Theatre" name="The LoadingReadyRun Panel" />
<Event datetime="Friday 3/22/2013 7:00 pm" description="Gaming&#8217;s biggest event producers share best kept secrets on how to work the party scene and network your way to that dream job. If you have a passion for gaming, you can make it your profession. Join this panel of industry all-stars as they talk about how they broke into the business, and answer your questions on how you can too. -- Panelists: Martine Paris [Director, PR &amp; Marketing, Outspark], Amber Dalton [Director, Marketing &amp; Events, TwitchTV], Kevin Van Ness [Head of Community, Wargaming], Will Boyer [Director of Marketing, Curse], Warren Price [Game Designer, Electronic Arts], Rey Gutierrez [Video Director, Sony PlayStation], Amy Brady [Senior Frag Doll, Marketing &amp; Promotions, Ubisoft], Omar Abdelwahed [Senior Online Producer, 2K]" end="Friday 3/22/2013 8:00 PM" kind="Panel" location="Arachnid Theatre" name="Twister Tales: Breaking Into Gaming &amp; Partying On!" />
<Event datetime="Friday 3/22/2013 7:30 pm" description="Mega64 has made it to its ten year anniversary. The fact that the whole crew got there all still alive and not behind bars is something to celebrate in and of itself. Come join the party with the entire Mega64 gang as we show some new videos, reminisce on some old ones, and do some Q&amp;A to ring in this joyous occasion." end="Friday 3/22/2013 8:30 PM" kind="Panel" location="Phoenix Theatre" name="Mega64 Panel, Sorted!" />
<Event datetime="Friday 3/22/2013 7:30 pm" description="Standard Action, the comedy-fantasy webseries for geeks of all kinds, is in its second season! Come and see a screening of some of their new Season 2 material, and ask the creator questions about how the team makes this hilariously nerdy, award-winning show. Plus learn about their new card game, old-school MMO, and upcoming RPG module! -- Panelists: Joanna Gaskell [Producer/Writer/Actor, Critical Success Productions], Rob Hunt [Director/Cinematographer/Editor, Critical Success Productions]" end="Friday 3/22/2013 8:30 PM" kind="Panel" location="Corgi Theatre" name="Standard Action: the Webseries - Season 2!" />
<Event datetime="Friday 3/22/2013 8:00 pm" description="FFA, 100 Player Cap" end="Friday 3/22/2013 10:00 PM" kind="Panel" location="PC Tourney" name="Minecraft Tournament" />
<Event datetime="Friday 3/22/2013 8:00 pm" description="1v1 32 Player Cap" end="Friday 3/22/2013 10:00 PM" kind="Panel" location="Console Tourney" name="NBA Jam Tournament" />
<Event datetime="Friday 3/22/2013 8:00 pm" description="Chances are you&#8217;ve got one of those smart phone doohickeys, meaning you know what we mean when we say there are some really incredible games being developed for the platform. Many of these have begun to transcend the casual/social stigma, as games for the hardcore start to rival the experiences found on dedicated hardware. Unfortunately while there are all sorts of indie game competitions out there, not many seem to focus specifically on the mobile platforms&#8230; and that seemed like a problem we might be able to help with. Join the creators of those games LIVE and on stage! Questions will be asked! Answers may appear!" end="Friday 3/22/2013 9:00 PM" kind="Panel" location="Wyvern Theatre" name="PAX East Indie Showcase" />
<Event datetime="Friday 3/22/2013 8:30 pm" description="You&#8217;ve been exploring in the sub-basement of the old convention center. You&#8217;ve been smart and careful, but somehow you got turned around. There&#8217;s a weird glow coming from under the door across the way, and is that blood on the wall? Vincent and Meguey Baker will lead the room through a game of Murderous Ghosts involving you, the audience. Can you escape before whatever is down here gets you? -- Panelists: Meguey Baker [Owner, Night Sky Games], Vincent Baker [Owner, lumpley games]" end="Friday 3/22/2013 10:30 PM" kind="Panel" location="Tabletop Workshop" name="Audience Participation Murderous Ghosts - a role-playing game with ghosts and murder" />
<Event datetime="Friday 3/22/2013 8:30 pm" description="Get ready to match the stars! Join a hilarious collection of writers, pundits, and comedians for Blankety Blank, the live version of classic TV game show Match Game. Members of the audience will be selected as contestants and challenged to predict how the panelists will answer excessively silly questions. Whoever matches the most answers wins! For a raucous hour of raunchy fun, stop by - and bring your sense of humor. Part of Game Show Night at PAX East 2013! -- Panelists: Susan Arendt [Editor in Chief, The Escapist], Dan Amrich [Community Manager, Activision], Chris Kohler [Editor, Game|Life], Russ Pitts [Features Editor, Polygon], Graham Stark [Bon Vivant, Loading Ready Run], Kathleen DeVere [Snark Machine, Loading Ready Run], Mike Laidlaw [Creative Director, BioWare]" end="Friday 3/22/2013 9:30 PM" kind="Panel" location="Naga Theatre" name="Blankety Blank!" />
<Event datetime="Friday 3/22/2013 8:30 pm" description="Dungeon World is an award-winning tabletop roleplaying game, so how do the designers come up with classes, monsters, and rules? Come find out! Sit down with Sage LaTorra and Adam Koebel, the designers of Dungeon World, as they work with the audience to create new Dungeon World material. Get a look behind the scenes into the creative process and see what comes out of it. -- Panelists: Sage LaTorra [Designer, Sage Kobold Productions], Adam Koebel [Designer, Sage Kobold Productions]" end="Friday 3/22/2013 9:30 PM" kind="Panel" location="Sphinx" name="Dungeon World: Make Stuff" />
<Event datetime="Friday 3/22/2013 8:30 pm" description="This panel is all about curing chemicals- plastics, resins, urethane rubbers, plasters, and silicones. Anything that cures. We&#8217;re going to take you through the basics. If you are a super noob or slightly more experienced to advanced you&#8217;ll fit in here. Cosplay and costuming has gotten pretty crazy in the last few years and curing chemicals have played a major part. If you want your costumes to be fantastic, you&#8217;ll want to stop by. From Cerberus Productions, Lindsay is a professional promotional model and costumer with help from relative newcomers Sharece and Shelby also of Cerberus and casting genius, Alyssa from Propped Up Creations. -- Panelists: And the biggest thing we need to stress is that ANYONE CAN COSTUME." end="Friday 3/22/2013 9:30 PM" kind="Panel" location="Merman Theatre" name="Introduction to Curing Chemicals and Special Effects Costuming" />
<Event datetime="Friday 3/22/2013 8:30 pm" description="At PAX Prime the SmashMuck Champions developers had an unprecedented opportunity - we let the audience design a Champion live, and then we put it in the game!&#160; Now we&#8217;re taking our panel to Boston and ready to see what the East Coast can do.&#160; Offense?&#160; Defense?&#160; Support?&#160; Laser?&#160; Shapeshifting?&#160; Awesome Mode?&#160; YOU are making the design choices for this wacky indie MOBA while listening in on dev secrets, getting your questions answered and, of course, there is lots of swag. -- Panelists: Jose Mejia [Community Manager, Kiz Studios], Ben Rodgers [Lead Designer, Kiz Studios], Jacob Schieck [Lead Programmer, Kiz Studios], Allen White [Art Director, Kiz Studios], Ashlee Vaughn [Communications Director, Kiz Studios]" end="Friday 3/22/2013 9:30 PM" kind="Panel" location="Arachnid Theatre" name="No, the Monkey Should have a chainsaw:&#160; Design Choices in an Indie MOBA" />
<Event datetime="Friday 3/22/2013 8:30 pm" description="Come one, come all!&#160; It&#8217;s time for the PAX EAST 2013 CONCERT LINEUP! Friday night it&#8217;s VGO, Those Who Fight and Protomen! -- Panelists: PAX East Musical Guests" end="Friday 3/22/2013 1:30 AM" kind="Panel" location="Main Theatre" name="Friday Night Concerts" />
<Event datetime="Friday 3/22/2013 9:00 pm" description="1v1, 64 Player Cap" end="Friday 3/22/2013 11:00 PM" kind="Panel" location="Console Tourney" name="Super Smash Bros. Brawl Tournament: Group B" />
<Event datetime="Friday 3/22/2013 9:00 pm" description="With over 10,000 Vanity Metrics (VidScore Reporting, Sept. 2012) of combined, practical, real-world know-how, know-who, and know-when, the Giant Bomb High Taste Grandmasters hand you the keys to unlock your inner SEO and make the most of leveraged buzz, you stupid idiot! -- Panelists: Vinny Caravella [Giant Bomb], Ryan Davis [Giant Bomb], Jeff Gerstmann [Giant Bomb], Patrick Klepek [Giant Bomb], Alex Navarro [Giant Bomb], Brad Shoemaker [Giant Bomb]" end="Friday 3/22/2013 11:30 PM" kind="Panel" location="Phoenix Theatre" name="How To Energize Business and Millennial Brand Focus: A Giant Bomb Panel Eduknowledgement Experience" />
<Event datetime="Friday 3/22/2013 9:30 pm" description="This&#8230;is&#8230;Jeopardy! Well, no it&#8217;s not; since all the answers and questions are going to be about gaming and geek culture, it&#8217;s more like Mild Peril. We will be taking contestants from PAX attendees, so bring your thinking caps to this panel. Just don&#8217;t wear anything that will clash with host Dan Amrich&#8217;s incredibly blinding red jacket. Part of Game Show Night at PAX East 2013! -- Panelists: Dan Amrich [Community Manager, Activision]" end="Friday 3/22/2013 10:30 PM" kind="Panel" location="Naga Theatre" name="Game Show Night: Jeopardy!" />
<Event datetime="Friday 3/22/2013 10:30 pm" description="We surveyed 100 gamers&#8230; can you guess their responses? Everybody&#8217;s favorite game show about families getting into arguments on television and husbands just having to smile and nod as Richard Dawson makes out with their wives is now a live PAX show. Random audience members will be organized into impromptu families and pitted against other audience members. Guess the most popular answers to our questions and you&#8217;ll win fabulous prizes! -- Panelists: Chris Kohler [Editor, Wired], Regina Wu [Intel, Engineer]" end="Friday 3/22/2013 11:30 PM" kind="Panel" location="Naga Theatre" name="Game Show Night: Family Feud!" /></Schedule></xml>