<xml version="1.0"><!--Generated by ElementTree in webScraper.py at 2014-04-10 23:18:30.224906-->
	<Schedule>
	<Event location="Booth: 1125" name="11 Bit Studios" kind="Expo" description="exhibitor" datetime="Friday 4/11/2014 10:00 am" end="Sunday 4/13/2014 5:00 PM" />
<Event location="Booth: 586" name="17-Bit" kind="Expo" description="exhibitor" datetime="Friday 4/11/2014 10:00 am" end="Sunday 4/13/2014 5:00 PM" />
<Event location="Booth: 948, Booth: 962" name="2K Games" kind="Expo" description="exhibitor" datetime="Friday 4/11/2014 10:00 am" end="Sunday 4/13/2014 5:00 PM" />
<Event location="Booth: 396" name="505 Games" kind="Expo" description="exhibitor" datetime="Friday 4/11/2014 10:00 am" end="Sunday 4/13/2014 5:00 PM" />
<Event location="Booth: 580" name="82 Apps" kind="Expo" description="exhibitor" datetime="Friday 4/11/2014 10:00 am" end="Sunday 4/13/2014 5:00 PM" />
<Event location="Booth: 797" name="Ackk Studios" kind="Expo" description="exhibitor" datetime="Friday 4/11/2014 10:00 am" end="Sunday 4/13/2014 5:00 PM" />
<Event location="Booth: 487" name="Active Gaming Media" kind="Expo" description="exhibitor" datetime="Friday 4/11/2014 10:00 am" end="Sunday 4/13/2014 5:00 PM" />
<Event location="Booth: 1079" name="ADATA Technology" kind="Expo" description="exhibitor" datetime="Friday 4/11/2014 10:00 am" end="Sunday 4/13/2014 5:00 PM" />
<Event location="Booth: 1055" name="Adult Swim Games" kind="Expo" description="exhibitor" datetime="Friday 4/11/2014 10:00 am" end="Sunday 4/13/2014 5:00 PM" />
<Event location="Booth: 492" name="Age of Empires Studio" kind="Expo" description="exhibitor" datetime="Friday 4/11/2014 10:00 am" end="Sunday 4/13/2014 5:00 PM" />
<Event location="Booth: 1137" name="Aimpad" kind="Expo" description="exhibitor" datetime="Friday 4/11/2014 10:00 am" end="Sunday 4/13/2014 5:00 PM" />
<Event location="Booth: 138" name="AlgoCrunch" kind="Expo" description="exhibitor" datetime="Friday 4/11/2014 10:00 am" end="Sunday 4/13/2014 5:00 PM" />
<Event location="Booth: 786" name="Amplitude" kind="Expo" description="exhibitor" datetime="Friday 4/11/2014 10:00 am" end="Sunday 4/13/2014 5:00 PM" />
<Event location="Booth: 1194" name="Asinine Games" kind="Expo" description="exhibitor" datetime="Friday 4/11/2014 10:00 am" end="Sunday 4/13/2014 5:00 PM" />
<Event location="Booth: 776" name="Asteroid Base" kind="Expo" description="exhibitor" datetime="Friday 4/11/2014 10:00 am" end="Sunday 4/13/2014 5:00 PM" />
<Event location="Booth: 666" name="Astro Gaming" kind="Expo" description="exhibitor" datetime="Friday 4/11/2014 10:00 am" end="Sunday 4/13/2014 5:00 PM" />
<Event location="Booth: 1038" name="Batterystaple Games" kind="Expo" description="exhibitor" datetime="Friday 4/11/2014 10:00 am" end="Sunday 4/13/2014 5:00 PM" />
<Event location="Booth: 1015" name="BattleGoat Studios" kind="Expo" description="exhibitor" datetime="Friday 4/11/2014 10:00 am" end="Sunday 4/13/2014 5:00 PM" />
<Event location="Booth: 140" name="Becker College" kind="Expo" description="exhibitor" datetime="Friday 4/11/2014 10:00 am" end="Sunday 4/13/2014 5:00 PM" />
<Event location="Booth: 1141" name="BenQ" kind="Expo" description="exhibitor" datetime="Friday 4/11/2014 10:00 am" end="Sunday 4/13/2014 5:00 PM" />
<Event location="Booth: 1012, Booth: 1018, Booth: 912" name="Bethesda" kind="Expo" description="exhibitor" datetime="Friday 4/11/2014 10:00 am" end="Sunday 4/13/2014 5:00 PM" />
<Event location="Booth: 992" name="Big Fish Games" kind="Expo" description="exhibitor" datetime="Friday 4/11/2014 10:00 am" end="Sunday 4/13/2014 5:00 PM" />
<Event location="Booth: 1089" name="Binary Solo" kind="Expo" description="exhibitor" datetime="Friday 4/11/2014 10:00 am" end="Sunday 4/13/2014 5:00 PM" />
<Event location="Booth: 848" name="Blizzard" kind="Expo" description="exhibitor" datetime="Friday 4/11/2014 10:00 am" end="Sunday 4/13/2014 5:00 PM" />
<Event location="Booth: 683" name="Bootsnake Games" kind="Expo" description="exhibitor" datetime="Friday 4/11/2014 10:00 am" end="Sunday 4/13/2014 5:00 PM" />
<Event location="Booth: 675" name="Boston Indie Selections" kind="Expo" description="exhibitor" datetime="Friday 4/11/2014 10:00 am" end="Sunday 4/13/2014 5:00 PM" />
<Event location="Booth: 489" name="Brace Yourself Games" kind="Expo" description="exhibitor" datetime="Friday 4/11/2014 10:00 am" end="Sunday 4/13/2014 5:00 PM" />
<Event location="Booth: 1080" name="Broken Crown Games" kind="Expo" description="exhibitor" datetime="Friday 4/11/2014 10:00 am" end="Sunday 4/13/2014 5:00 PM" />
<Event location="Booth: 1193" name="C63 Industries" kind="Expo" description="exhibitor" datetime="Friday 4/11/2014 10:00 am" end="Sunday 4/13/2014 5:00 PM" />
<Event location="Booth: 1191" name="Carnegie Mellon University" kind="Expo" description="exhibitor" datetime="Friday 4/11/2014 10:00 am" end="Sunday 4/13/2014 5:00 PM" />
<Event location="Booth: 1185" name="Chainsawesome Games" kind="Expo" description="exhibitor" datetime="Friday 4/11/2014 10:00 am" end="Sunday 4/13/2014 5:00 PM" />
<Event location="Booth: 160" name="Champlain College" kind="Expo" description="exhibitor" datetime="Friday 4/11/2014 10:00 am" end="Sunday 4/13/2014 5:00 PM" />
<Event location="Booth: 1112" name="Chessex" kind="Expo" description="exhibitor" datetime="Friday 4/11/2014 10:00 am" end="Sunday 4/13/2014 5:00 PM" />
<Event location="Booth: 1094" name="Citeremis" kind="Expo" description="exhibitor" datetime="Friday 4/11/2014 10:00 am" end="Sunday 4/13/2014 5:00 PM" />
<Event location="Booth: 1133" name="Command D" kind="Expo" description="exhibitor" datetime="Friday 4/11/2014 10:00 am" end="Sunday 4/13/2014 5:00 PM" />
<Event location="Booth: 216" name="Cooler Master" kind="Expo" description="exhibitor" datetime="Friday 4/11/2014 10:00 am" end="Sunday 4/13/2014 5:00 PM" />
<Event location="Booth: 896" name="Corsair" kind="Expo" description="exhibitor" datetime="Friday 4/11/2014 10:00 am" end="Sunday 4/13/2014 5:00 PM" />
<Event location="Booth: 1117" name="CPU Magazine" kind="Expo" description="exhibitor" datetime="Friday 4/11/2014 10:00 am" end="Sunday 4/13/2014 5:00 PM" />
<Event location="Booth: 1082" name="Crooked Tree Studios" kind="Expo" description="exhibitor" datetime="Friday 4/11/2014 10:00 am" end="Sunday 4/13/2014 5:00 PM" />
<Event location="Booth: 194" name="D3 Publisher" kind="Expo" description="exhibitor" datetime="Friday 4/11/2014 10:00 am" end="Sunday 4/13/2014 5:00 PM" />
<Event location="Booth: 689" name="Deconstructeam" kind="Expo" description="exhibitor" datetime="Friday 4/11/2014 10:00 am" end="Sunday 4/13/2014 5:00 PM" />
<Event location="Booth: 1043" name="Decoy Games" kind="Expo" description="exhibitor" datetime="Friday 4/11/2014 10:00 am" end="Sunday 4/13/2014 5:00 PM" />
<Event location="Booth: 682" name="Defiant Development" kind="Expo" description="exhibitor" datetime="Friday 4/11/2014 10:00 am" end="Sunday 4/13/2014 5:00 PM" />
<Event location="Booth: 774" name="Dejobaan Games" kind="Expo" description="exhibitor" datetime="Friday 4/11/2014 10:00 am" end="Sunday 4/13/2014 5:00 PM" />
<Event location="Booth: 679" name="Dennaton Games" kind="Expo" description="exhibitor" datetime="Friday 4/11/2014 10:00 am" end="Sunday 4/13/2014 5:00 PM" />
<Event location="Booth: 987" name="Devolver Digital" kind="Expo" description="exhibitor" datetime="Friday 4/11/2014 10:00 am" end="Sunday 4/13/2014 5:00 PM" />
<Event location="Booth: 481" name="Die Gute Fabrik" kind="Expo" description="exhibitor" datetime="Friday 4/11/2014 10:00 am" end="Sunday 4/13/2014 5:00 PM" />
<Event location="Booth: 1095" name="DigiPen" kind="Expo" description="exhibitor" datetime="Friday 4/11/2014 10:00 am" end="Sunday 4/13/2014 5:00 PM" />
<Event location="Booth: 685" name="Discord Games" kind="Expo" description="exhibitor" datetime="Friday 4/11/2014 10:00 am" end="Sunday 4/13/2014 5:00 PM" />
<Event location="Booth: 1051" name="Disruptor Beam" kind="Expo" description="exhibitor" datetime="Friday 4/11/2014 10:00 am" end="Sunday 4/13/2014 5:00 PM" />
<Event location="Booth: 1165" name="Dissident Logic" kind="Expo" description="exhibitor" datetime="Friday 4/11/2014 10:00 am" end="Sunday 4/13/2014 5:00 PM" />
<Event location="Booth: 792" name="Double Fine" kind="Expo" description="exhibitor" datetime="Friday 4/11/2014 10:00 am" end="Sunday 4/13/2014 5:00 PM" />
<Event location="Booth: 483" name="Drinkbox Studios" kind="Expo" description="exhibitor" datetime="Friday 4/11/2014 10:00 am" end="Sunday 4/13/2014 5:00 PM" />
<Event location="Booth: 1074" name="ECA" kind="Expo" description="exhibitor" datetime="Friday 4/11/2014 10:00 am" end="Sunday 4/13/2014 5:00 PM" />
<Event location="Booth: 1160" name="Eclectic Eccentricities" kind="Expo" description="exhibitor" datetime="Friday 4/11/2014 10:00 am" end="Sunday 4/13/2014 5:00 PM" />
<Event location="Booth: 785" name="Edge of Reality" kind="Expo" description="exhibitor" datetime="Friday 4/11/2014 10:00 am" end="Sunday 4/13/2014 5:00 PM" />
<Event location="Booth: 298" name="Elms College" kind="Expo" description="exhibitor" datetime="Friday 4/11/2014 10:00 am" end="Sunday 4/13/2014 5:00 PM" />
<Event location="Booth: 130" name="Endgame Studios" kind="Expo" description="exhibitor" datetime="Friday 4/11/2014 10:00 am" end="Sunday 4/13/2014 5:00 PM" />
<Event location="Booth: 1120" name="ENERMAX" kind="Expo" description="exhibitor" datetime="Friday 4/11/2014 10:00 am" end="Sunday 4/13/2014 5:00 PM" />
<Event location="Booth: 1121" name="EVGA" kind="Expo" description="exhibitor" datetime="Friday 4/11/2014 10:00 am" end="Sunday 4/13/2014 5:00 PM" />
<Event location="Booth: 979" name="Experimental Gamer" kind="Expo" description="exhibitor" datetime="Friday 4/11/2014 10:00 am" end="Sunday 4/13/2014 5:00 PM" />
<Event location="Booth: 794" name="Fangamer" kind="Expo" description="exhibitor" datetime="Friday 4/11/2014 10:00 am" end="Sunday 4/13/2014 5:00 PM" />
<Event location="Booth: 887" name="Fenix Fire" kind="Expo" description="exhibitor" datetime="Friday 4/11/2014 10:00 am" end="Sunday 4/13/2014 5:00 PM" />
<Event location="Booth: 1190" name="Filthy Casual" kind="Expo" description="exhibitor" datetime="Friday 4/11/2014 10:00 am" end="Sunday 4/13/2014 5:00 PM" />
<Event location="Booth: 678" name="Fire Hose Games" kind="Expo" description="exhibitor" datetime="Friday 4/11/2014 10:00 am" end="Sunday 4/13/2014 5:00 PM" />
<Event location="Booth: 583" name="Firefly Studios" kind="Expo" description="exhibitor" datetime="Friday 4/11/2014 10:00 am" end="Sunday 4/13/2014 5:00 PM" />
<Event location="Booth: 128" name="Fitchburg State University" kind="Expo" description="exhibitor" datetime="Friday 4/11/2014 10:00 am" end="Sunday 4/13/2014 5:00 PM" />
<Event location="Booth: 1091" name="Flippfly" kind="Expo" description="exhibitor" datetime="Friday 4/11/2014 10:00 am" end="Sunday 4/13/2014 5:00 PM" />
<Event location="Booth: 1181" name="Flyleap Studios" kind="Expo" description="exhibitor" datetime="Friday 4/11/2014 10:00 am" end="Sunday 4/13/2014 5:00 PM" />
<Event location="Booth: 266" name="Foam Brain Games" kind="Expo" description="exhibitor" datetime="Friday 4/11/2014 10:00 am" end="Sunday 4/13/2014 5:00 PM" />
<Event location="Booth: 1081" name="Foe Hammer Shop" kind="Expo" description="exhibitor" datetime="Friday 4/11/2014 10:00 am" end="Sunday 4/13/2014 5:00 PM" />
<Event location="Booth: 998" name="Forge on Games" kind="Expo" description="exhibitor" datetime="Friday 4/11/2014 10:00 am" end="Sunday 4/13/2014 5:00 PM" />
<Event location="Booth: 680" name="Frogdice" kind="Expo" description="exhibitor" datetime="Friday 4/11/2014 10:00 am" end="Sunday 4/13/2014 5:00 PM" />
<Event location="Booth: 582" name="Gaijin Games" kind="Expo" description="exhibitor" datetime="Friday 4/11/2014 10:00 am" end="Sunday 4/13/2014 5:00 PM" />
<Event location="Booth: 597" name="Game Underground" kind="Expo" description="exhibitor" datetime="Friday 4/11/2014 10:00 am" end="Sunday 4/13/2014 5:00 PM" />
<Event location="Booth: 1148" name="GameChurch" kind="Expo" description="exhibitor" datetime="Friday 4/11/2014 10:00 am" end="Sunday 4/13/2014 5:00 PM" />
<Event location="Booth: 798" name="Games by Mo" kind="Expo" description="exhibitor" datetime="Friday 4/11/2014 10:00 am" end="Sunday 4/13/2014 5:00 PM" />
<Event location="Booth: 496" name="Gaming ETC" kind="Expo" description="exhibitor" datetime="Friday 4/11/2014 10:00 am" end="Sunday 4/13/2014 5:00 PM" />
<Event location="Booth: 676" name="Gears for Breakfast" kind="Expo" description="exhibitor" datetime="Friday 4/11/2014 10:00 am" end="Sunday 4/13/2014 5:00 PM" />
<Event location="Booth: 374" name="Geek Chic HQ" kind="Expo" description="exhibitor" datetime="Friday 4/11/2014 10:00 am" end="Sunday 4/13/2014 5:00 PM" />
<Event location="Booth: 1159" name="Genius / GX Gaming" kind="Expo" description="exhibitor" datetime="Friday 4/11/2014 10:00 am" end="Sunday 4/13/2014 5:00 PM" />
<Event location="Booth: 1086" name="GGN Game Studios" kind="Expo" description="exhibitor" datetime="Friday 4/11/2014 10:00 am" end="Sunday 4/13/2014 5:00 PM" />
<Event location="Booth: 250" name="GIGABYTE" kind="Expo" description="exhibitor" datetime="Friday 4/11/2014 10:00 am" end="Sunday 4/13/2014 5:00 PM" />
<Event location="Booth: 293" name="Greater Than Games" kind="Expo" description="exhibitor" datetime="Friday 4/11/2014 10:00 am" end="Sunday 4/13/2014 5:00 PM" />
<Event location="Booth: 199" name="Greenbrier Games" kind="Expo" description="exhibitor" datetime="Friday 4/11/2014 10:00 am" end="Sunday 4/13/2014 5:00 PM" />
<Event location="Booth: 348" name="Grey Box" kind="Expo" description="exhibitor" datetime="Friday 4/11/2014 10:00 am" end="Sunday 4/13/2014 5:00 PM" />
<Event location="Booth: 180" name="Grimm Bros" kind="Expo" description="exhibitor" datetime="Friday 4/11/2014 10:00 am" end="Sunday 4/13/2014 5:00 PM" />
<Event location="Booth: 593" name="Gunnar Optiks" kind="Expo" description="exhibitor" datetime="Friday 4/11/2014 10:00 am" end="Sunday 4/13/2014 5:00 PM" />
<Event location="Booth: 188" name="Hanakai" kind="Expo" description="exhibitor" datetime="Friday 4/11/2014 10:00 am" end="Sunday 4/13/2014 5:00 PM" />
<Event location="Booth: 1035" name="HappyGiant" kind="Expo" description="exhibitor" datetime="Friday 4/11/2014 10:00 am" end="Sunday 4/13/2014 5:00 PM" />
<Event location="Booth: 789" name="Heart Machine" kind="Expo" description="exhibitor" datetime="Friday 4/11/2014 10:00 am" end="Sunday 4/13/2014 5:00 PM" />
<Event location="Booth: 1087" name="Hololabs" kind="Expo" description="exhibitor" datetime="Friday 4/11/2014 10:00 am" end="Sunday 4/13/2014 5:00 PM" />
<Event location="Booth: 1189" name="Hyperkin" kind="Expo" description="exhibitor" datetime="Friday 4/11/2014 10:00 am" end="Sunday 4/13/2014 5:00 PM" />
<Event location="Booth: 574" name="Indie Mini Booth" kind="Expo" description="exhibitor" datetime="Friday 4/11/2014 10:00 am" end="Sunday 4/13/2014 5:00 PM" />
<Event location="Booth: 876" name="Indie Tabletop" kind="Expo" description="exhibitor" datetime="Friday 4/11/2014 10:00 am" end="Sunday 4/13/2014 5:00 PM" />
<Event location="Booth: 260" name="Initive" kind="Expo" description="exhibitor" datetime="Friday 4/11/2014 10:00 am" end="Sunday 4/13/2014 5:00 PM" />
<Event location="Booth: 1041" name="Innex" kind="Expo" description="exhibitor" datetime="Friday 4/11/2014 10:00 am" end="Sunday 4/13/2014 5:00 PM" />
<Event location="Booth: 436" name="Intel" kind="Expo" description="exhibitor" datetime="Friday 4/11/2014 10:00 am" end="Sunday 4/13/2014 5:00 PM" />
<Event location="Booth: 581" name="Iridium Studios" kind="Expo" description="exhibitor" datetime="Friday 4/11/2014 10:00 am" end="Sunday 4/13/2014 5:00 PM" />
<Event location="Booth: 999" name="Iron Galaxy Studios" kind="Expo" description="exhibitor" datetime="Friday 4/11/2014 10:00 am" end="Sunday 4/13/2014 5:00 PM" />
<Event location="Booth: 1140" name="iTapArcade" kind="Expo" description="exhibitor" datetime="Friday 4/11/2014 10:00 am" end="Sunday 4/13/2014 5:00 PM" />
<Event location="Booth: 185" name="Japanime Games" kind="Expo" description="exhibitor" datetime="Friday 4/11/2014 10:00 am" end="Sunday 4/13/2014 5:00 PM" />
<Event location="Booth: 280" name="Kingston" kind="Expo" description="exhibitor" datetime="Friday 4/11/2014 10:00 am" end="Sunday 4/13/2014 5:00 PM" />
<Event location="Booth: 1093" name="KinifiGames" kind="Expo" description="exhibitor" datetime="Friday 4/11/2014 10:00 am" end="Sunday 4/13/2014 5:00 PM" />
<Event location="Booth: 874" name="Klei Entertainment" kind="Expo" description="exhibitor" datetime="Friday 4/11/2014 10:00 am" end="Sunday 4/13/2014 5:00 PM" />
<Event location="Booth: 242" name="Kongregate" kind="Expo" description="exhibitor" datetime="Friday 4/11/2014 10:00 am" end="Sunday 4/13/2014 5:00 PM" />
<Event location="Booth: 885" name="Kumobius" kind="Expo" description="exhibitor" datetime="Friday 4/11/2014 10:00 am" end="Sunday 4/13/2014 5:00 PM" />
<Event location="Booth: 398" name="Last Limb" kind="Expo" description="exhibitor" datetime="Friday 4/11/2014 10:00 am" end="Sunday 4/13/2014 5:00 PM" />
<Event location="Booth: 686" name="Lazy 8 Studios" kind="Expo" description="exhibitor" datetime="Friday 4/11/2014 10:00 am" end="Sunday 4/13/2014 5:00 PM" />
<Event location="Booth: 592" name="Level Up Studios" kind="Expo" description="exhibitor" datetime="Friday 4/11/2014 10:00 am" end="Sunday 4/13/2014 5:00 PM" />
<Event location="Booth: 985" name="Lifespark Entertainment" kind="Expo" description="exhibitor" datetime="Friday 4/11/2014 10:00 am" end="Sunday 4/13/2014 5:00 PM" />
<Event location="Booth: 448" name="Logitech" kind="Expo" description="exhibitor" datetime="Friday 4/11/2014 10:00 am" end="Sunday 4/13/2014 5:00 PM" />
<Event location="Booth: 588" name="Love Conquers All Games" kind="Expo" description="exhibitor" datetime="Friday 4/11/2014 10:00 am" end="Sunday 4/13/2014 5:00 PM" />
<Event location="Booth: 299" name="Luisiana State University" kind="Expo" description="exhibitor" datetime="Friday 4/11/2014 10:00 am" end="Sunday 4/13/2014 5:00 PM" />
<Event location="Booth: 691" name="Lumenox" kind="Expo" description="exhibitor" datetime="Friday 4/11/2014 10:00 am" end="Sunday 4/13/2014 5:00 PM" />
<Event location="Booth: 974" name="Machinima" kind="Expo" description="exhibitor" datetime="Friday 4/11/2014 10:00 am" end="Sunday 4/13/2014 5:00 PM" />
<Event location="Booth: 788" name="Marauder" kind="Expo" description="exhibitor" datetime="Friday 4/11/2014 10:00 am" end="Sunday 4/13/2014 5:00 PM" />
<Event location="Booth: 888" name="Marc Ten Bosch" kind="Expo" description="exhibitor" datetime="Friday 4/11/2014 10:00 am" end="Sunday 4/13/2014 5:00 PM" />
<Event location="Booth: 499" name="Mass Digi" kind="Expo" description="exhibitor" datetime="Friday 4/11/2014 10:00 am" end="Sunday 4/13/2014 5:00 PM" />
<Event location="Booth: 150" name="Matrix Games" kind="Expo" description="exhibitor" datetime="Friday 4/11/2014 10:00 am" end="Sunday 4/13/2014 5:00 PM" />
<Event location="Booth: 474" name="Mayfair Games" kind="Expo" description="exhibitor" datetime="Friday 4/11/2014 10:00 am" end="Sunday 4/13/2014 5:00 PM" />
<Event location="Booth: 340" name="MEGA64.COM" kind="Expo" description="exhibitor" datetime="Friday 4/11/2014 10:00 am" end="Sunday 4/13/2014 5:00 PM" />
<Event location="Booth: 1131" name="Mercury Learning" kind="Expo" description="exhibitor" datetime="Friday 4/11/2014 10:00 am" end="Sunday 4/13/2014 5:00 PM" />
<Event location="Booth: 183" name="Mesa Mundi" kind="Expo" description="exhibitor" datetime="Friday 4/11/2014 10:00 am" end="Sunday 4/13/2014 5:00 PM" />
<Event location="Booth: 688" name="MI-Clos Studio" kind="Expo" description="exhibitor" datetime="Friday 4/11/2014 10:00 am" end="Sunday 4/13/2014 5:00 PM" />
<Event location="Booth: 362, Booth: 524, Booth: 624" name="Microsoft" kind="Expo" description="exhibitor" datetime="Friday 4/11/2014 10:00 am" end="Sunday 4/13/2014 5:00 PM" />
<Event location="Booth: 996" name="Midnight City" kind="Expo" description="exhibitor" datetime="Friday 4/11/2014 10:00 am" end="Sunday 4/13/2014 5:00 PM" />
<Event location="Booth: 134" name="Mimoco" kind="Expo" description="exhibitor" datetime="Friday 4/11/2014 10:00 am" end="Sunday 4/13/2014 5:00 PM" />
<Event location="Booth: 399" name="Mixamo" kind="Expo" description="exhibitor" datetime="Friday 4/11/2014 10:00 am" end="Sunday 4/13/2014 5:00 PM" />
<Event location="Booth: 392" name="MSI" kind="Expo" description="exhibitor" datetime="Friday 4/11/2014 10:00 am" end="Sunday 4/13/2014 5:00 PM" />
<Event location="Booth: 783" name="Muse Games" kind="Expo" description="exhibitor" datetime="Friday 4/11/2014 10:00 am" end="Sunday 4/13/2014 5:00 PM" />
<Event location="Booth: 598" name="Muzzy Lane Software" kind="Expo" description="exhibitor" datetime="Friday 4/11/2014 10:00 am" end="Sunday 4/13/2014 5:00 PM" />
<Event location="Booth: 562" name="NCsoft" kind="Expo" description="exhibitor" datetime="Friday 4/11/2014 10:00 am" end="Sunday 4/13/2014 5:00 PM" />
<Event location="Booth: 491" name="Necrophone Games" kind="Expo" description="exhibitor" datetime="Friday 4/11/2014 10:00 am" end="Sunday 4/13/2014 5:00 PM" />
<Event location="Booth: 1188" name="Nevernaut" kind="Expo" description="exhibitor" datetime="Friday 4/11/2014 10:00 am" end="Sunday 4/13/2014 5:00 PM" />
<Event location="Booth: 1047" name="New England Institute of Art" kind="Expo" description="exhibitor" datetime="Friday 4/11/2014 10:00 am" end="Sunday 4/13/2014 5:00 PM" />
<Event location="Booth: 182" name="New England Institute of Technology" kind="Expo" description="exhibitor" datetime="Friday 4/11/2014 10:00 am" end="Sunday 4/13/2014 5:00 PM" />
<Event location="Booth: 986" name="Newegg.com" kind="Expo" description="exhibitor" datetime="Friday 4/11/2014 10:00 am" end="Sunday 4/13/2014 5:00 PM" />
<Event location="Booth: 485" name="Nine Dots Studio" kind="Expo" description="exhibitor" datetime="Friday 4/11/2014 10:00 am" end="Sunday 4/13/2014 5:00 PM" />
<Event location="Booth: 1180" name="NinjaBee" kind="Expo" description="exhibitor" datetime="Friday 4/11/2014 10:00 am" end="Sunday 4/13/2014 5:00 PM" />
<Event location="Booth: 118" name="Nnooo Pty" kind="Expo" description="exhibitor" datetime="Friday 4/11/2014 10:00 am" end="Sunday 4/13/2014 5:00 PM" />
<Event location="Booth: 1045" name="No Goblin" kind="Expo" description="exhibitor" datetime="Friday 4/11/2014 10:00 am" end="Sunday 4/13/2014 5:00 PM" />
<Event location="Booth: 1169" name="Noble Whale Studios" kind="Expo" description="exhibitor" datetime="Friday 4/11/2014 10:00 am" end="Sunday 4/13/2014 5:00 PM" />
<Event location="Booth: 924" name="NVIDIA" kind="Expo" description="exhibitor" datetime="Friday 4/11/2014 10:00 am" end="Sunday 4/13/2014 5:00 PM" />
<Event location="Booth: 234" name="Oculus VR" kind="Expo" description="exhibitor" datetime="Friday 4/11/2014 10:00 am" end="Sunday 4/13/2014 5:00 PM" />
<Event location="Booth: 674" name="Owlchemy Labs" kind="Expo" description="exhibitor" datetime="Friday 4/11/2014 10:00 am" end="Sunday 4/13/2014 5:00 PM" />
<Event location="Booth: 648" name="Paradox Interactive" kind="Expo" description="exhibitor" datetime="Friday 4/11/2014 10:00 am" end="Sunday 4/13/2014 5:00 PM" />
<Event location="Booth: 692" name="PAX East Indie Showcase" kind="Expo" description="exhibitor" datetime="Friday 4/11/2014 10:00 am" end="Sunday 4/13/2014 5:00 PM" />
<Event location="Booth: 673" name="Phosfiend Systems" kind="Expo" description="exhibitor" datetime="Friday 4/11/2014 10:00 am" end="Sunday 4/13/2014 5:00 PM" />
<Event location="Booth: 697" name="Pinball Arcade" kind="Expo" description="exhibitor" datetime="Friday 4/11/2014 10:00 am" end="Sunday 4/13/2014 5:00 PM" />
<Event location="Booth: 585" name="Pixelscopic" kind="Expo" description="exhibitor" datetime="Friday 4/11/2014 10:00 am" end="Sunday 4/13/2014 5:00 PM" />
<Event location="Booth: 596" name="Plantronics" kind="Expo" description="exhibitor" datetime="Friday 4/11/2014 10:00 am" end="Sunday 4/13/2014 5:00 PM" />
<Event location="Booth: 1031" name="Play It Now" kind="Expo" description="exhibitor" datetime="Friday 4/11/2014 10:00 am" end="Sunday 4/13/2014 5:00 PM" />
<Event location="Booth: 608" name="Playstation Community" kind="Expo" description="exhibitor" datetime="Friday 4/11/2014 10:00 am" end="Sunday 4/13/2014 5:00 PM" />
<Event location="Booth: 178" name="Plyngo" kind="Expo" description="exhibitor" datetime="Friday 4/11/2014 10:00 am" end="Sunday 4/13/2014 5:00 PM" />
<Event location="Booth: 1166" name="PNY Technologies" kind="Expo" description="exhibitor" datetime="Friday 4/11/2014 10:00 am" end="Sunday 4/13/2014 5:00 PM" />
<Event location="Booth: 1183" name="Polycrime" kind="Expo" description="exhibitor" datetime="Friday 4/11/2014 10:00 am" end="Sunday 4/13/2014 5:00 PM" />
<Event location="Booth: 610" name="Power A" kind="Expo" description="exhibitor" datetime="Friday 4/11/2014 10:00 am" end="Sunday 4/13/2014 5:00 PM" />
<Event location="Booth: 1151" name="Press Play" kind="Expo" description="exhibitor" datetime="Friday 4/11/2014 10:00 am" end="Sunday 4/13/2014 5:00 PM" />
<Event location="Booth: 287" name="Privateer Press" kind="Expo" description="exhibitor" datetime="Friday 4/11/2014 10:00 am" end="Sunday 4/13/2014 5:00 PM" />
<Event location="Booth: 575" name="Proletariat" kind="Expo" description="exhibitor" datetime="Friday 4/11/2014 10:00 am" end="Sunday 4/13/2014 5:00 PM" />
<Event location="Booth: 882" name="Ragequit" kind="Expo" description="exhibitor" datetime="Friday 4/11/2014 10:00 am" end="Sunday 4/13/2014 5:00 PM" />
<Event location="Booth: 589" name="Red Hook Studios" kind="Expo" description="exhibitor" datetime="Friday 4/11/2014 10:00 am" end="Sunday 4/13/2014 5:00 PM" />
<Event location="Booth: 1037" name="Reentry Games" kind="Expo" description="exhibitor" datetime="Friday 4/11/2014 10:00 am" end="Sunday 4/13/2014 5:00 PM" />
<Event location="Booth: 880" name="Refract Studios" kind="Expo" description="exhibitor" datetime="Friday 4/11/2014 10:00 am" end="Sunday 4/13/2014 5:00 PM" />
<Event location="Booth: 120" name="Renegade Kid" kind="Expo" description="exhibitor" datetime="Friday 4/11/2014 10:00 am" end="Sunday 4/13/2014 5:00 PM" />
<Event location="Booth: 1187" name="Replay'd" kind="Expo" description="exhibitor" datetime="Friday 4/11/2014 10:00 am" end="Sunday 4/13/2014 5:00 PM" />
<Event location="Booth: 980" name="Reverb Communications" kind="Expo" description="exhibitor" datetime="Friday 4/11/2014 10:00 am" end="Sunday 4/13/2014 5:00 PM" />
<Event location="Booth: 1162" name="Revolution 60" kind="Expo" description="exhibitor" datetime="Friday 4/11/2014 10:00 am" end="Sunday 4/13/2014 5:00 PM" />
<Event location="Booth: 424" name="Riot Games" kind="Expo" description="exhibitor" datetime="Friday 4/11/2014 10:00 am" end="Sunday 4/13/2014 5:00 PM" />
<Event location="Booth: 1083" name="Risen Phoenix Studios" kind="Expo" description="exhibitor" datetime="Friday 4/11/2014 10:00 am" end="Sunday 4/13/2014 5:00 PM" />
<Event location="Booth: 1059" name="Robit Studios" kind="Expo" description="exhibitor" datetime="Friday 4/11/2014 10:00 am" end="Sunday 4/13/2014 5:00 PM" />
<Event location="Booth: 1124" name="Robot Entertainment" kind="Expo" description="exhibitor" datetime="Friday 4/11/2014 10:00 am" end="Sunday 4/13/2014 5:00 PM" />
<Event location="Booth: 577" name="Rocket 5 Studios" kind="Expo" description="exhibitor" datetime="Friday 4/11/2014 10:00 am" end="Sunday 4/13/2014 5:00 PM" />
<Event location="Booth: 687" name="Ronimo Games" kind="Expo" description="exhibitor" datetime="Friday 4/11/2014 10:00 am" end="Sunday 4/13/2014 5:00 PM" />
<Event location="Booth: 342" name="Rooster Teeth" kind="Expo" description="exhibitor" datetime="Friday 4/11/2014 10:00 am" end="Sunday 4/13/2014 5:00 PM" />
<Event location="Booth: 796" name="RunJumpDev" kind="Expo" description="exhibitor" datetime="Friday 4/11/2014 10:00 am" end="Sunday 4/13/2014 5:00 PM" />
<Event location="Booth: 1066" name="Sanshee" kind="Expo" description="exhibitor" datetime="Friday 4/11/2014 10:00 am" end="Sunday 4/13/2014 5:00 PM" />
<Event location="Booth: 246" name="Sauropod Studio" kind="Expo" description="exhibitor" datetime="Friday 4/11/2014 10:00 am" end="Sunday 4/13/2014 5:00 PM" />
<Event location="Booth: 1139" name="Schell Games" kind="Expo" description="exhibitor" datetime="Friday 4/11/2014 10:00 am" end="Sunday 4/13/2014 5:00 PM" />
<Event location="Booth: 1196" name="Scry Interactive" kind="Expo" description="exhibitor" datetime="Friday 4/11/2014 10:00 am" end="Sunday 4/13/2014 5:00 PM" />
<Event location="Booth: 1062" name="Sennheiser" kind="Expo" description="exhibitor" datetime="Friday 4/11/2014 10:00 am" end="Sunday 4/13/2014 5:00 PM" />
<Event location="Booth: 616" name="Skull Candy" kind="Expo" description="exhibitor" datetime="Friday 4/11/2014 10:00 am" end="Sunday 4/13/2014 5:00 PM" />
<Event location="Booth: 981" name="Skull Skill Studios" kind="Expo" description="exhibitor" datetime="Friday 4/11/2014 10:00 am" end="Sunday 4/13/2014 5:00 PM" />
<Event location="Booth: 1138" name="Skunkwerks" kind="Expo" description="exhibitor" datetime="Friday 4/11/2014 10:00 am" end="Sunday 4/13/2014 5:00 PM" />
<Event location="Booth: 190" name="Skylance Studio" kind="Expo" description="exhibitor" datetime="Friday 4/11/2014 10:00 am" end="Sunday 4/13/2014 5:00 PM" />
<Event location="Booth: 1040" name="Snowrunner Productions" kind="Expo" description="exhibitor" datetime="Friday 4/11/2014 10:00 am" end="Sunday 4/13/2014 5:00 PM" />
<Event location="Booth: 548" name="Square Enix" kind="Expo" description="exhibitor" datetime="Friday 4/11/2014 10:00 am" end="Sunday 4/13/2014 5:00 PM" />
<Event location="Booth: 480" name="Stone Blade" kind="Expo" description="exhibitor" datetime="Friday 4/11/2014 10:00 am" end="Sunday 4/13/2014 5:00 PM" />
<Event location="Booth: 146" name="Sudden Impact" kind="Expo" description="exhibitor" datetime="Friday 4/11/2014 10:00 am" end="Sunday 4/13/2014 5:00 PM" />
<Event location="Booth: 892" name="Supergiant Games" kind="Expo" description="exhibitor" datetime="Friday 4/11/2014 10:00 am" end="Sunday 4/13/2014 5:00 PM" />
<Event location="Booth: 1179" name="SWD Tech Games" kind="Expo" description="exhibitor" datetime="Friday 4/11/2014 10:00 am" end="Sunday 4/13/2014 5:00 PM" />
<Event location="Booth: 782" name="Switchblade Monkeys" kind="Expo" description="exhibitor" datetime="Friday 4/11/2014 10:00 am" end="Sunday 4/13/2014 5:00 PM" />
<Event location="Booth: 124" name="TableTop Arena" kind="Expo" description="exhibitor" datetime="Friday 4/11/2014 10:00 am" end="Sunday 4/13/2014 5:00 PM" />
<Event location="Booth: 1142" name="Team Aurora" kind="Expo" description="exhibitor" datetime="Friday 4/11/2014 10:00 am" end="Sunday 4/13/2014 5:00 PM" />
<Event location="Booth: 677" name="Team Colorblind" kind="Expo" description="exhibitor" datetime="Friday 4/11/2014 10:00 am" end="Sunday 4/13/2014 5:00 PM" />
<Event location="Booth: 606" name="Team Meat" kind="Expo" description="exhibitor" datetime="Friday 4/11/2014 10:00 am" end="Sunday 4/13/2014 5:00 PM" />
<Event location="Booth: 1092" name="Telltale Games" kind="Expo" description="exhibitor" datetime="Friday 4/11/2014 10:00 am" end="Sunday 4/13/2014 5:00 PM" />
<Event location="Booth: 698" name="Tenwall Creatives" kind="Expo" description="exhibitor" datetime="Friday 4/11/2014 10:00 am" end="Sunday 4/13/2014 5:00 PM" />
<Event location="Booth: 781" name="Terrible Posture" kind="Expo" description="exhibitor" datetime="Friday 4/11/2014 10:00 am" end="Sunday 4/13/2014 5:00 PM" />
<Event location="Booth: 168" name="That's Entertainment" kind="Expo" description="exhibitor" datetime="Friday 4/11/2014 10:00 am" end="Sunday 4/13/2014 5:00 PM" />
<Event location="Booth: 512" name="The Behemoth" kind="Expo" description="exhibitor" datetime="Friday 4/11/2014 10:00 am" end="Sunday 4/13/2014 5:00 PM" />
<Event location="Booth: 1019" name="The Domaginarium" kind="Expo" description="exhibitor" datetime="Friday 4/11/2014 10:00 am" end="Sunday 4/13/2014 5:00 PM" />
<Event location="Booth: 1136" name="Thefty Jack" kind="Expo" description="exhibitor" datetime="Friday 4/11/2014 10:00 am" end="Sunday 4/13/2014 5:00 PM" />
<Event location="Booth: 386" name="Think Geek" kind="Expo" description="exhibitor" datetime="Friday 4/11/2014 10:00 am" end="Sunday 4/13/2014 5:00 PM" />
<Event location="Booth: 1186" name="Thoughtshelter Games" kind="Expo" description="exhibitor" datetime="Friday 4/11/2014 10:00 am" end="Sunday 4/13/2014 5:00 PM" />
<Event location="Booth: 671" name="Tiger Style" kind="Expo" description="exhibitor" datetime="Friday 4/11/2014 10:00 am" end="Sunday 4/13/2014 5:00 PM" />
<Event location="Booth: 684" name="Tin Man Games" kind="Expo" description="exhibitor" datetime="Friday 4/11/2014 10:00 am" end="Sunday 4/13/2014 5:00 PM" />
<Event location="Booth: 656" name="tinyBuild" kind="Expo" description="exhibitor" datetime="Friday 4/11/2014 10:00 am" end="Sunday 4/13/2014 5:00 PM" />
<Event location="Booth: 1192" name="TinyMob Games" kind="Expo" description="exhibitor" datetime="Friday 4/11/2014 10:00 am" end="Sunday 4/13/2014 5:00 PM" />
<Event location="Booth: 224" name="Trendy Entertainment" kind="Expo" description="exhibitor" datetime="Friday 4/11/2014 10:00 am" end="Sunday 4/13/2014 5:00 PM" />
<Event location="Booth: 799" name="Tribute Games" kind="Expo" description="exhibitor" datetime="Friday 4/11/2014 10:00 am" end="Sunday 4/13/2014 5:00 PM" />
<Event location="Booth: 272" name="Troll &amp; Toad" kind="Expo" description="exhibitor" datetime="Friday 4/11/2014 10:00 am" end="Sunday 4/13/2014 5:00 PM" />
<Event location="Booth: 536" name="Turbine" kind="Expo" description="exhibitor" datetime="Friday 4/11/2014 10:00 am" end="Sunday 4/13/2014 5:00 PM" />
<Event location="Booth: 636" name="Turbine Inc" kind="Expo" description="exhibitor" datetime="Friday 4/11/2014 10:00 am" end="Sunday 4/13/2014 5:00 PM" />
<Event location="Booth: 862" name="Turtle Beach" kind="Expo" description="exhibitor" datetime="Friday 4/11/2014 10:00 am" end="Sunday 4/13/2014 5:00 PM" />
<Event location="Booth: 936" name="Twitch" kind="Expo" description="exhibitor" datetime="Friday 4/11/2014 10:00 am" end="Sunday 4/13/2014 5:00 PM" />
<Event location="Booth: 696" name="Uber Entertainment" kind="Expo" description="exhibitor" datetime="Friday 4/11/2014 10:00 am" end="Sunday 4/13/2014 5:00 PM" />
<Event location="Booth: 824, Booth: 836" name="Ubisoft Entertainment" kind="Expo" description="exhibitor" datetime="Friday 4/11/2014 10:00 am" end="Sunday 4/13/2014 5:00 PM" />
<Event location="Booth: 164" name="UCC Distributing" kind="Expo" description="exhibitor" datetime="Friday 4/11/2014 10:00 am" end="Sunday 4/13/2014 5:00 PM" />
<Event location="Booth: 1197" name="UDON Entertainment" kind="Expo" description="exhibitor" datetime="Friday 4/11/2014 10:00 am" end="Sunday 4/13/2014 5:00 PM" />
<Event location="Booth: 1039" name="Undead Labs" kind="Expo" description="exhibitor" datetime="Friday 4/11/2014 10:00 am" end="Sunday 4/13/2014 5:00 PM" />
<Event location="Booth: 486" name="Unknown Worlds" kind="Expo" description="exhibitor" datetime="Friday 4/11/2014 10:00 am" end="Sunday 4/13/2014 5:00 PM" />
<Event location="Booth: 1147" name="Unreal Engine" kind="Expo" description="exhibitor" datetime="Friday 4/11/2014 10:00 am" end="Sunday 4/13/2014 5:00 PM" />
<Event location="Booth: 886" name="Untame" kind="Expo" description="exhibitor" datetime="Friday 4/11/2014 10:00 am" end="Sunday 4/13/2014 5:00 PM" />
<Event location="Booth: 1111" name="Unveil NYC" kind="Expo" description="exhibitor" datetime="Friday 4/11/2014 10:00 am" end="Sunday 4/13/2014 5:00 PM" />
<Event location="Booth: 158" name="Utilikilts" kind="Expo" description="exhibitor" datetime="Friday 4/11/2014 10:00 am" end="Sunday 4/13/2014 5:00 PM" />
<Event location="Booth: 787" name="Vagabond Dog" kind="Expo" description="exhibitor" datetime="Friday 4/11/2014 10:00 am" end="Sunday 4/13/2014 5:00 PM" />
<Event location="Booth: 1130" name="VIDEOGAMESNEWYORK" kind="Expo" description="exhibitor" datetime="Friday 4/11/2014 10:00 am" end="Sunday 4/13/2014 5:00 PM" />
<Event location="Booth: 116" name="Virtuix" kind="Expo" description="exhibitor" datetime="Friday 4/11/2014 10:00 am" end="Sunday 4/13/2014 5:00 PM" />
<Event location="Booth: 1036" name="Vivid Games" kind="Expo" description="exhibitor" datetime="Friday 4/11/2014 10:00 am" end="Sunday 4/13/2014 5:00 PM" />
<Event location="Booth: 780" name="Vlambeer" kind="Expo" description="exhibitor" datetime="Friday 4/11/2014 10:00 am" end="Sunday 4/13/2014 5:00 PM" />
<Event location="Booth: 1118" name="Wacom" kind="Expo" description="exhibitor" datetime="Friday 4/11/2014 10:00 am" end="Sunday 4/13/2014 5:00 PM" />
<Event location="Booth: 898" name="WeLoveFine.com" kind="Expo" description="exhibitor" datetime="Friday 4/11/2014 10:00 am" end="Sunday 4/13/2014 5:00 PM" />
<Event location="Booth: 587" name="Will O'Neill" kind="Expo" description="exhibitor" datetime="Friday 4/11/2014 10:00 am" end="Sunday 4/13/2014 5:00 PM" />
<Event location="Booth: 1049" name="Wither Studios" kind="Expo" description="exhibitor" datetime="Friday 4/11/2014 10:00 am" end="Sunday 4/13/2014 5:00 PM" />
<Event location="Booth: 462" name="Wizards Of The Coast" kind="Expo" description="exhibitor" datetime="Friday 4/11/2014 10:00 am" end="Sunday 4/13/2014 5:00 PM" />
<Event location="Booth: 599" name="WPI" kind="Expo" description="exhibitor" datetime="Friday 4/11/2014 10:00 am" end="Sunday 4/13/2014 5:00 PM" />
<Event location="Booth: 814" name="Xaviant" kind="Expo" description="exhibitor" datetime="Friday 4/11/2014 10:00 am" end="Sunday 4/13/2014 5:00 PM" />
<Event location="Booth: 1099" name="Xotic PC" kind="Expo" description="exhibitor" datetime="Friday 4/11/2014 10:00 am" end="Sunday 4/13/2014 5:00 PM" />
<Event location="Booth: 997" name="Yacht Club Games" kind="Expo" description="exhibitor" datetime="Friday 4/11/2014 10:00 am" end="Sunday 4/13/2014 5:00 PM" />
<Event location="Booth: 681" name="Young Horses" kind="Expo" description="exhibitor" datetime="Friday 4/11/2014 10:00 am" end="Sunday 4/13/2014 5:00 PM" />
<Event location="Booth: 495" name="Zafty" kind="Expo" description="exhibitor" datetime="Friday 4/11/2014 10:00 am" end="Sunday 4/13/2014 5:00 PM" />
<Event location="Booth: 1196" name="Loot Crate" kind="Expo" description="exhibitor" datetime="Friday 4/11/2014 10:00 am" end="Sunday 4/13/2014 5:00 PM" />
</Schedule></xml>